,formula,bandgap,effective_mass_n,effective_mass_p,ave_ele_diele,ave_ion_diele,formation_energy
0,Al2Ge2O7,6.6385000000000005,1.3009010744877636,18.010642044441987,3.204407,4.862990666666667,-2.702367327272727
1,Al2ZnO4,7.340700000000001,1.06387150003025,5.055666910150297,3.365741,5.302893,-3.021072628571428
2,Ag2BiO3,0.8470000000000004,6.315778934670852,4.3994705057440555,12.922059666666668,11.664903333333333,-0.9207718288888884
3,Al2PbO4,6.0424999999999995,12.967970528860246,14.230750946941914,3.708021,14.354939333333334,-2.89378359
4,Al4Bi2O9,4.447100000000001,2.2325528872476696,6.760358505538957,4.355632666666667,9.627726000000001,-2.857885394000002
5,AgAuO2,1.2439999999999998,4.586729964359628,5.95227642170727,10.273909666666666,3.2848563333333334,-0.4721402929166656
6,Al2O3,9.3329,1.1177821774265209,12.457412134524317,3.2576206666666665,6.876356,-3.4265510080000006
7,Ag2HgO2,1.0446000000000004,2.9366971619485334,8.661270662510992,9.138385333333334,2.1458973333333335,-0.45969821916666653
8,Ba2Ca(PdO2)3,3.0387999999999997,10.06625698481264,13.18337363619647,5.83237,26.076237666666668,-2.0190237954166657
9,As2Pb3O8,4.9917,8.016628440128027,54.73771559936372,4.870617666666667,22.20370266666667,-1.7352351134615382
10,Ba2Ca(BO3)2,6.9755,2.565190835318146,28.922269516388603,3.489561666666667,8.556319666666667,-3.2246886053030304
11,B2O3,10.3086,5.317769197004939,38.38334240521138,2.8887676666666664,2.7730753333333333,-2.7980563099999998
12,B4PbO7,6.3854,2.004499426039477,4.932813983365877,3.9036566666666666,12.248841333333333,-2.6473397413888877
13,As2PbO4,4.2247,2.457266929879295,7.466708156497466,4.637485333333333,6.2119670000000005,-1.6492657325
14,Au2O3,1.9444000000000004,3.2129951226925577,7.926277070545876,9.075532,0.9661006666666667,-0.457853579
15,AlAgO2,2.9765000000000006,2.379956347781745,6.448057256287865,5.935813666666667,4.636687666666667,-2.3074725154166664
16,Ba2Bi2O5,3.0674999999999994,1.921462135137109,4.606262925047064,5.367346666666667,27.910746333333336,-2.288426511111112
17,As2O3,5.3431,3.5179370259615093,5.774102895047427,3.9215056666666666,4.464190666666667,-1.6290845505
18,Ba(SbO3)2,5.7925,1.3368866246577058,9.229933065075018,3.464451,6.120894333333333,-2.376871872222223
19,AlTl(MoO4)2,5.744999999999999,14.538855249241836,17.45266629012869,3.5213699999999997,6.577614666666666,-2.2039454869444457
20,Ba2BiSbO6,2.9361,1.0285066546899293,3.5960145401272543,5.461041666666667,21.704572,-2.453007994999999
21,B6O,3.0224,0.9561440097749034,1.7547746228051928,5.823695,0.6128313333333334,-0.8052726049999999
22,AlCuO2,3.913500000000001,2.6386687028023803,9.1813873973563,4.823215333333334,3.7819380000000002,-2.4172544249999994
23,As2PbO6,3.9249000000000005,1.122228745633051,2.1911803215379373,4.528085,12.277197000000001,-1.7356450333333333
24,Ba(AsO3)2,5.7362,1.5071791799196914,97.74600836796748,3.480794,8.742874,-2.1914320077777782
25,AlSbO4,4.2661,0.9632217773785655,4.20393300406782,4.032906333333333,6.779495333333333,-2.5433669000000005
26,AlAsO4,8.8575,1.5920584092617949,40.294829642837854,2.4325093333333334,1.8331763333333333,-2.444837554166667
27,Ba(CuO)2,2.7734,1.3435152307536862,9.97011519374702,5.409474666666667,8.590298333333333,-1.6165894720000002
28,BAsO4,8.0243,1.957715740995596,7.005822905359382,3.087268,2.635071,-2.132276382361111
29,AsAuO4,4.2709,9.000416845935057,9.892992305002423,4.259445666666667,2.0110473333333334,-1.1668046675000001
30,Ba2Ca(BO2)6,8.4683,1.806633362331343,22.331739694948915,2.926589,4.559086,-3.1139662421428564
31,Ba(AuO2)2,2.9785,14.03929295567555,12.455286846312479,6.319468,4.0122496666666665,-1.4456374999999992
32,Ba(AgO)2,3.1586,4.939690867278837,5.5993888950620985,6.113091333333333,10.979407666666667,-1.4029555216666667
33,Ba2CaWO6,4.6526,2.686313804391781,9.619844171130197,4.616247333333333,22.079535333333336,-3.0327377689999997
34,Ba2CdGe2O7,5.6263000000000005,1.5673958009795825,13.223184018371505,3.4139700000000004,6.763973,-2.5077382379166666
35,Ba2LaBiO6,3.5502,1.304682045480441,4.577801943461711,4.97407,18.694130666666663,-2.7881723035000006
36,Ba2InGaO5,3.5417000000000005,0.8558765753805464,5828.368277879177,4.3093,13.787393333333334,-2.5715327063888895
37,Ba2In2O5,2.6029,0.868813352194377,10415.676399908878,4.635859666666666,9.210798666666667,-2.424057256666667
38,Ba2InCuO4,3.4818,1.1580387465542406,14.707064176341083,4.566456333333334,18.192172666666668,-2.2261865999999997
39,Ba2HfO4,5.4018,1.6155256247814183,6.53926623492918,4.402725333333333,23.50662733333333,-3.536361635714286
40,Ba2Cd(BO3)2,5.980300000000001,1.4133287030866992,11.059627162642936,3.641334,8.456403,-2.818962689848485
41,Ba2Cd(BO2)6,7.7145,1.63582887035744,10.182022180674448,3.0773663333333334,4.5400263333333335,-2.897223126428572
42,Ba2MgGe2O7,6.6364,1.6085241498592981,35.953880519365896,3.215983,5.531841,-2.7931089208333333
43,Ba2LaSbO6,6.3375,1.6789592667820052,13.436682429428014,4.363739666666667,18.241365333333334,-3.0319067654999996
44,Ba2LaTaO6,5.481199999999999,10.228519756283022,7.988709157216222,4.721191666666667,31.458687666666666,-3.5075773915000017
45,Ba2Mg(BO3)2,7.6895,5.310020267248931,8.525710937119523,3.531091,8.093878333333334,-3.129790906212121
46,Ba2CePtO6,2.8753,72.87974766718789,5.50478992847275,6.427969,14.483983,-2.8009515315
47,Ba2MgMoO6,3.4384000000000006,3.2769324204177988,6.271174915598554,5.11744,17.586077,-2.835677952
48,Ba2MgSi2O7,7.7968,1.800494468975537,49.7589066398173,2.9985646666666668,4.947788,-3.3661644154166668
49,Ba2PbO4,2.6636,1.2861242879724546,5.292269336550614,5.073979333333333,28.133392666666666,-2.3690410357142855
50,Ba2MgWO6,4.579599999999999,3.224746802823041,6.134990039775548,4.628592,15.751514,-2.956244474
51,Ba2ScCuO4,3.8233,4.423967154372999,6.080281949529477,4.763078666666666,13.054340000000002,-2.879963581875
52,Ba2Sc2O5,4.626200000000001,3.8118306180558004,30.4433147116795,4.5232193333333335,13.090168,-3.507444349999999
53,Ba2ScNbO6,4.190099999999999,1.77282319703242,6.08958275474995,5.367340000000001,44.52675200000001,-3.4769095014999998
54,Ba2SiO4,7.4095,2.1757689320977383,26.03888930280976,3.6298603333333332,12.725552,-3.3619786003571424
55,Ba2ScTaO6,4.7564,1.6359854646200884,6.028272213248341,5.040768,33.493452,-3.5940941235000015
56,Ba2SnO4,4.7919,1.1575176581819773,6.107844772063855,4.331444,13.681369000000002,-2.7252458707142857
57,Ba2SrWO6,4.6437,3.1002632706012108,11.032206613356227,4.531081666666666,19.90536033333333,-2.9684440956666673
58,Ba2Ti(GeO4)2,6.3625,1.69476158068712,158.2590049020054,3.5828996666666666,41.968921333333334,-2.894513363717948
59,Ba2TaBiO6,3.6379000000000006,1.898949916535964,1.293038701024191,5.651142333333333,53.822722666666664,-2.9515427029999994
60,Ba2Ti(SiO4)2,6.7125,502.74061533556056,35.58129803452456,3.428008666666667,12.282995666666665,-3.4436276802564096
61,Ba2TiO4,6.3631,3.920170041020778,12.360405363899497,3.979927,9.918986666666667,-3.399092388333334
62,Ba2YTaO6,5.4216999999999995,1.8856170424742522,7.575669322435227,4.680339333333333,30.593271,-3.5726180726666668
63,Ba2ZnGe2O7,5.9972,1.5589547978958325,11.673027768840637,3.376021,5.736875,-2.580144717916667
64,Ba2ZnMoO6,3.3137999999999996,4.586163859505919,1.990127218158051,5.528611000000001,27.967474,-2.5403056389999996
65,Ba2ZnO3,4.947,1.1371252728704562,43.10819089851011,4.366173333333333,13.765976333333333,-2.5343150229166667
66,Ba2ZnSi2O7,7.2884,1.3204332941796948,14.478506887488251,3.185074,5.7802283333333335,-3.146198448333334
67,Ba2ZnWO6,4.5197,4.533779445300723,2.0402220207325383,4.981469,23.653630000000003,-2.6546303470000003
68,Ba2ZrO4,5.084200000000001,32.25050500945685,7.673330858868758,4.562059666666667,32.423424,-3.430685784285714
69,Ba3(AsO4)2,7.0819,1.2433787481912357,14.182355026039891,3.5808853333333333,24.142445,-2.691978154615385
70,Ba3BAsO3,2.5067999999999997,3.2572675884988045,8.620524025237328,5.4399136666666665,9.666377,-2.5343987498958334
71,Ba2ZrSnO6,6.1636999999999995,1.3742952099407333,4.887083771964645,4.604773,21.155005,-3.1393169064999995
72,Ba3CaNb2O9,4.4326,2.6718533149381902,6.638008943332,4.9512556666666665,92.35489799999999,-3.3031840169999995
73,Ba3CaTa2O9,5.119400000000001,2.3467773014171396,6.349644025589825,4.621180333333333,42.49640466666667,-3.4542387710000018
74,Ba3Hf2O7,5.567,10.363935160621347,7.727058055079959,4.479751,23.90874066666667,-3.643018930416667
75,Ba3In2O6,2.5153999999999996,1.340079699073606,1805.816152475534,4.773090666666667,24.83848933333333,-2.5032603363636365
76,Ba3MgNb2O9,4.3713,2.7433025697043907,5.67915757971609,5.012330666666666,33.426904,-3.2680610623333353
77,Ba3MgTa2O9,5.1407,2.44048907569075,5.593094904046595,4.637717,22.313668000000003,-3.4162774223333336
78,Ba3MgSb2O9,5.3481,1.220828581240471,6.084560095499667,4.004727666666667,14.616442999999999,-2.6995449040000006
79,Ba3MgTaNbO9,4.6639,2.878264197925943,5.753192807595953,4.819906666666667,26.633256666666668,-3.3423238290000015
80,Ba3NaBiO6,3.8926000000000003,1.7651366665702655,8.786521414255422,4.352375333333334,10.856900666666666,-2.437707516050157
81,Ba3NaSbO6,5.3456,1.2305533220497602,8.603974605008114,3.9788490000000003,9.791221,-2.6506075655956116
82,Ba3NaNbO6,5.0532,3.877327934418721,15.125123201996775,4.4360729999999995,16.67632766666667,-2.9785313405956124
83,Ba3NaTaO6,5.4806,3.343172881425241,13.007206265535437,4.233987333333333,14.512672,-3.0805784251410673
84,Ba3Nb2CdO9,4.5139000000000005,4.689852630091995,2.72049199283387,5.170096999999999,96.005177,-3.021884541666668
85,Ba3Sb2O,0.8907000000000003,3.5574802408747876,2.86013668346908,10.268635333333334,8.646060666666667,-1.6753842462500006
86,Ba3Nb2ZnO9,4.332,3.1219303511750516,3.9896283677395994,5.262862,41.13304266666666,-3.071310230333334
87,Ba3NbGa3(SiO7)2,6.0077,13.272267606161995,30.909784459751663,3.6614353333333334,9.543601333333333,-3.0256117888043477
88,Ba3Sn2O7,3.8296,1.175160490148221,9.10767478055974,4.496518666666667,13.585708000000002,-2.668890004166667
89,Ba3SrNb2O9,5.6721,6.780830860019648,27.017578478513048,4.194918,14.93182,-3.263764343777778
90,Ba3SrTa2O9,6.374499999999999,4.701378394731149,35.05288731316808,4.015783,15.141895666666665,-3.4058772964444453
91,Ba3ZnSb2O9,4.5222,1.0211814544360462,6.104904339859383,4.327248999999999,16.063092666666666,-2.4919275890000008
92,Ba3Ta2ZnO9,5.148,2.7642895463620194,5.663852086301437,4.848023666666667,27.156473000000002,-3.217345349666666
93,Ba3V2O8,5.8594,6.9945051672645775,10.830300778072377,4.012073,33.728301333333334,-3.018910831538462
94,Ba3Zr2O7,5.1017,74.84400772422819,8.187966648692193,4.683128,34.610259666666664,-3.519514509583333
95,Ba4AgAuO6,3.152,4.124409362879067,3.001312934624004,5.568563666666667,10.956746,-2.1976280747222225
96,Ba4Li(SbO4)3,3.7193,1.1314790285996306,6.519018235785875,4.490492,19.946475,-2.5572898346666664
97,Ba4InSbO8,4.5916,1.0982553128142012,7.406473343221423,4.3239633333333325,16.082019,-2.680420198571428
98,Ba4Bi2O,0.7961,1.2861570059419933,3.8437721969196446,13.851508333333333,18.676660666666667,-1.518548810714286
99,Ba4Na(SbO4)3,3.8484,1.0782094759173315,6.187850680173355,4.38317,18.615432,-2.540505563827586
100,Ba4Nb2O9,5.739999999999999,3.058768129030791,13.89092988892282,4.107764333333334,13.316742333333332,-3.2234492940000017
101,Ba4Nb2WO12,4.1983999999999995,6.108540569341301,15.747036643050672,5.173746,62.083114333333334,-3.1034044789473683
102,Ba4PtO6,3.6014999999999997,6.438537504240448,4.512811001532686,5.078925666666667,12.646858,-2.4677279295454553
103,Ba4PdO6,3.0115000000000003,9.435174508964478,4.6024582191083905,5.415530666666666,13.212098333333335,-2.4218386845454543
104,Ba4ScReWO12,3.3274,88.65507526284492,22.53356272810253,5.212385333333333,26.766411,-2.994836770526316
105,Ba5Nb4O15,4.1289,22.009080087914956,13.563951411572813,5.234791333333333,54.364768000000005,-3.2715557902083336
106,Ba5Ta4O15,4.627599999999999,29.45672567019933,23.75261156821746,4.819144333333333,29.538658333333334,-3.440743283125
107,BaBAsO5,6.9623,1.5080279426765175,75.94918383444688,3.1624103333333333,5.873728,-2.627202876979167
108,BaAl2Sb2O7,5.3632,23.857490503049434,6.897664119723836,3.5020973333333334,5.562936999999999,-2.7688808362499993
109,BaBe2(BO3)2,8.9592,1.446396859934465,7.804873172444026,3.0035853333333336,6.614782000000001,-3.120560989848485
110,BaBe2Si2O7,9.0939,1.4411814691253093,21.736293872306742,3.0931116666666667,6.488955999999999,-3.3066602608333335
111,BaBeSiO4,7.8662,1.5259330014462276,23.00605862338884,3.002328666666667,6.357035666666667,-3.324616174999999
112,BaCa(GaO2)4,5.873900000000001,1.1270104153495466,13.450924665059055,3.587806666666667,8.482289000000002,-2.6343520764285713
113,BaBiBO4,5.5231,2.8769090316121315,15.853602038856028,4.219329666666666,11.615303333333332,-2.6110980834523803
114,BaGa2B2O7,7.3271,1.174509988593718,13.540002857823463,3.249229666666667,5.34026,-2.7636706123611106
115,BaCeO3,4.2856,41.899163096296554,9.055874804905782,5.079621666666667,20.415422333333336,-3.5906097180000005
116,BaCdO2,2.433,1.0467845257295072,9.630582034304892,5.353496333333332,12.162706666666667,-2.1459757218749997
117,BaGeO3,6.410399999999999,1.3235476243185231,17.998528905714767,3.3553223333333335,7.684764333333334,-2.6960020335
118,BaGa4O7,5.4052,1.0579802712682365,879.052806560832,3.3827010000000004,6.3842946666666665,-2.486273411249999
119,BaHfO3,5.4862,1.666922037838536,5.943432542202663,4.645095,31.840243,-3.7867155090000013
120,BaLa2PdO5,4.2894,12.199360715819914,11.993986451929128,5.8087946666666666,22.72138766666667,-3.0277652011111105
121,BaLa2O4,5.6265,1.5505521212688707,4.246103178973364,4.039873,13.816214,-3.582359615714285
122,BaGePbO4,5.2726999999999995,5.052451484597261,7.741953719675644,4.260979,10.958143666666667,-2.3497993528571435
123,BaHgO2,4.7979,2.0166168829469195,5.558043809256413,3.682696,4.3488386666666665,-1.9624375387499997
124,BaHf(SiO3)3,8.0793,1.9250726502735502,16.65337269878888,2.9677063333333336,5.8078563333333335,-3.519880910357143
125,BaHf(BO3)2,7.7828,4.316269367101036,10.767524747580026,3.390382666666667,8.622676,-3.4097016038333336
126,BaNaBO3,6.9049000000000005,1.8773903184374574,24.447381303174296,3.146003,6.916648666666667,-2.8548703726197324
127,BaLiBO3,7.4679,2.634917218847169,24.984601862743002,3.259809333333333,7.717720333333333,-2.9588598808333337
128,BaMoO4,6.153599999999999,23.230627539822024,15.498716846836992,3.666693,5.905020333333333,-2.6545541241666673
129,BaNaSc(BO3)2,7.0066,9.084310356823252,5832.093448276353,3.3826680000000002,7.979019666666666,-3.158898195898642
130,BaLa2PtO5,3.7211000000000007,2.067400976773361,9.397632639067954,5.867136333333334,23.201233000000002,-3.030801111111111
131,BaSn(GeO3)3,5.8721,1.2467447959502722,22.741274758049954,3.283803666666667,6.0435723333333335,-2.351820577142858
132,BaSi3SnO9,7.4369,1.6585902079445904,13.273678363192976,2.895244,4.842478666666666,-3.09274423
133,BaNb2O6,3.9921,7.593972978413221,10.394346549024789,5.5678030000000005,71.65422533333334,-3.216099421666666
134,BaO,3.8011999999999997,1.459001640029821,3.2194862185710527,4.36642,61.525655,-2.8236447624999994
135,BaTi(SiO3)3,5.9064000000000005,187.30376307541246,14.101205036527816,3.4182096666666664,7.198157666666667,-3.3852939655952383
136,BaTi(AsO4)2,4.7354,46.35379632584199,22.951781527087384,3.940710333333333,17.248160333333335,-2.528850488611111
137,BaWO4,7.1754999999999995,13.917265433567943,15.530995423798121,3.5160396666666665,5.334236999999999,-2.7289869000000007
138,BaSr2Mg(SiO4)2,7.8596,1.3081883440457032,16.614143479455834,3.3870763333333334,14.701098666666667,-3.37927034952381
139,BaTiO3,3.2929000000000004,3.5621216253681895,6.083147564487817,6.410341333333332,50.419003,-3.4922378096666673
140,BaSnO3,2.6303000000000005,0.6068881293270022,5.78648705664984,4.932205,15.447556999999998,-2.5874686660000004
141,BaY2O4,5.3302000000000005,2.2319252743540607,9.687751381244409,4.390427,13.703122666666667,-3.656600461190475
142,BaZn2Si2O7,6.897,1.1511736635161096,10.127411466453236,3.021387333333333,5.418691,-2.856036191666667
143,BaZnO2,4.6575,1.1276456974953095,8.909520355414159,4.101416333333334,8.609696666666666,-2.365422885833334
144,BaZr(BO3)2,7.2393,5.401322669237149,10.403616357575217,3.5277923333333328,9.362990333333334,-3.3346572178333345
145,BeAl2O4,9.6656,1.3733774057252905,7.58950139378684,3.1748243333333335,5.754798999999999,-3.3529182539285713
146,BaZr(SiO3)3,8.0647,2.0031457191814974,17.832363000564893,3.041365666666666,6.123559666666666,-3.4643044378571437
147,BaZrO3,5.009,1.7422081217349288,5.874670615346291,4.92949,53.601362,-3.6391672449999994
148,Bi2Pt2O7,1.5286999999999997,3.398956664571263,4.842863071341904,10.006154,15.768191,-1.330852513636363
149,BiAsO4,4.956,1.9851448343340663,13.394234875368078,5.095687666666667,25.77822,-1.766119035
150,Bi2O3,3.1369,2.0723158337184726,4.331330128514201,6.982725333333334,24.87928666666667,-1.6417272149999995
151,BeTlAsO4,5.28,2.685259298409476,4.229906005193614,3.867735666666667,7.619990333333334,-2.04176959047619
152,BeO,11.0232,1.7720807513361865,6.3366521594848955,3.1160083333333333,3.939074,-3.1028558024999997
153,BiO2,2.0599000000000003,1.7698583338950646,7.558947183141807,7.674405666666666,22.537111,-1.4597641266666663
154,BiSbO4,4.262,4.9394778370128005,9.804046996694638,5.5688336666666665,16.052501333333336,-1.8414490133333334
155,Ca(AgO2)2,2.1579999999999995,6.9851680327169685,15.857689354670136,7.950713666666666,4.096464999999999,-1.3464370540476187
156,Ca(AuO2)2,3.1430000000000002,9.718729782067602,15.323805148152884,6.629420333333333,4.258340333333334,-1.4662160107142856
157,BiBO3,4.583399999999999,4.992583574723276,3.6120922498597636,4.6767796666666674,13.062496333333334,-2.2904667498333326
158,Ca(AsO3)2,6.432600000000001,1.4430804104911499,17.95710674970521,3.628379666666667,6.562723000000001,-2.229921160000001
159,Ca2GeO4,6.629499999999999,1.35918816229179,30.833101562890754,3.259415666666667,5.228145333333334,-2.9902279757142853
160,Ca2BiAsO6,5.2183,5.081828904419335,27.19878982205329,3.896172333333334,8.738473666666666,-2.5414911255000003
161,Ca(SbO3)2,5.6149000000000004,1.2555135912926372,20.41643970921494,3.6091149999999996,5.8812473333333335,-2.3709468211111124
162,Ca(CuO2)2,1.7480000000000002,8.155525080890204,21.661389360617335,8.800568333333333,3.721500666666667,-1.7102426450000001
163,Ca2MgWO6,5.2136,5.501798466877302,30.56285324948943,4.492853333333333,15.137756333333334,-2.9958987970000006
164,Ca2PbO4,3.1038000000000006,1.3022756357931509,9.287676242477659,4.684011,9.301200666666666,-2.551106224285714
165,Ca2Sb2O7,4.321299999999999,1.0122968686910758,11.841318438836941,3.9986506666666664,16.107380666666668,-2.5944479686363637
166,Ca2Pt3O8,2.8859,4.623344690065336,10.113915944641736,5.656781333333334,3.4373643333333335,-1.8014902061538454
167,Ca2ScSbO6,6.1238,2.2429659801050312,11.51929791017731,4.254186333333333,14.474167333333334,-3.1275018395000007
168,Ca2ScTaO6,5.6606,2.7174938671023297,9.817403137025858,4.750460666666666,25.263270666666667,-3.6293345705
169,Ca2SiO4,7.5271,1.6605851351553207,22.919914872440884,3.024392333333333,5.205543333333334,-3.4766319846428573
170,Ca2Sn3O8,5.1969,1.1178466015706534,32.04605129065037,3.6496560000000002,5.7079379999999995,-2.5545313888461525
171,Ca2SnO4,5.22,1.2353193110571365,10.258876322428096,3.9370713333333334,8.331208,-2.886048206428571
172,Ca3CdO4,4.797499999999999,1.0698897953860425,5.01916452562646,4.286781,11.859888,-2.83587233125
173,Ca2VBiO6,4.418699999999999,58.633821611992744,26.313135394123258,4.276643333333333,8.742983,-2.747112326500001
174,Ca2Ti3O8,4.3349,8.187112218653294,6.743943585742355,5.050849333333333,27.580774,-3.5559112699999984
175,Ca3(BO3)2,8.1466,1.54320451190525,14.76016935716526,3.256358666666667,7.728137999999999,-3.288179811212121
176,Ca3TaGa3(SiO7)2,6.8511,3.6095195904023156,29.783149460104234,3.532845333333333,28.27219,-3.082038004021739
177,CaAgAsO4,3.6746000000000003,1.1583449125420815,8.940369205882108,3.961145333333333,6.923168,-2.0495956388095236
178,Ca4PdO6,3.7962,6.888806692589743,9.385036213234592,5.124480666666667,12.017974,-2.675235593636364
179,Ca4As2O,1.8175000000000003,1.498366093504172,2.3253378714036326,8.264458333333332,18.043501666666668,-1.8127497364285716
180,Ca4Bi2O,1.1629000000000005,1.6177019986384276,1.5200646025938864,11.567609666666664,21.194836666666664,-1.6009697692857143
181,Ca4Sb2O,1.383,1.5054915493349075,1.679462547525496,9.781471999999999,17.540832666666667,-1.7807082792857143
182,Ca3WO6,5.418799999999999,6.185157310350174,14.72704410671999,4.075534333333334,10.010563666666668,-3.081071575500001
183,CaAlBO4,8.4903,1.4443561271010315,72.32118685238135,2.7101256666666664,3.9810006666666666,-3.322331291309524
184,CaAl2(SiO4)2,8.6056,1.3872247597582255,10.754827396172319,2.6805,3.846004333333333,-3.426421389615385
185,CaAl4O7,7.601999999999999,1.2576647725880332,34.45193628505117,2.8543566666666664,14.799878000000001,-3.4639722058333335
186,CaGa4O7,5.66,1.0437209602891933,58.76034789182174,3.3840166666666662,8.696867,-2.506107837916666
187,CaCrO4,4.3211,4.1235351236044036,16.461918400184246,3.7485093333333332,4.7972703333333335,-2.432013990833334
188,CaGaBO4,7.5526,1.4364286861506654,61.44847295307711,2.881221666666667,4.244756333333334,-2.9093757377380953
189,CaCdO2,1.9478000000000002,0.6825316246328266,3.0366422406343174,5.411096666666666,11.925954333333332,-2.3535980549999995
190,CaHfO3,6.6909,2.4173689690835998,8.973211451593333,4.343403333333334,23.83721733333333,-3.820938099000001
191,CaIn2O4,4.3244,0.9404751448441638,10.712122253651497,3.90699,4.967643,-2.394796169285714
192,CaLaGaO4,6.0716,1.3527640864136474,21.325607441392492,3.7282603333333335,8.668733000000001,-3.223998694642857
193,CaHgO2,4.3662,3.40258845094661,5.338280696149517,4.296594,3.602275666666667,-2.0944817662499995
194,CaMg(SiO3)2,8.5151,1.2485358196883438,19.710121961779606,3.038555333333333,5.4081703333333335,-3.3468844764999996
195,CaMgSiO4,8.1648,1.4141653955650741,17.02110594561972,2.9251050000000003,4.644911333333333,-3.365238211785714
196,CaMgGeO4,6.6566,1.3495696205005119,12.825783926603332,3.2170546666666664,4.6764339999999995,-2.871467272857142
197,CaSc2O4,5.4879,3.3055554326320817,7.6216272356232135,4.654534666666667,16.078022,-3.7836882207142857
198,CaNb2O4,2.0084,3.8843148504518834,2.0496962636679905,8.302370333333334,3.5344883333333335,-3.024087829999999
199,CaSn(BO3)2,7.0934,2.4330775408461616,13.140129346381325,3.2892126666666663,5.799183666666667,-2.8374268643333345
200,CaO,6.1487,1.5978388275073678,4.163587145287204,3.858475,12.138371,-3.3060156124999995
201,CaMoO4,5.1434999999999995,10.119564509869232,22.076570034018708,4.1844790000000005,7.975435666666666,-2.6396284475000016
202,CaV2O6,4.9144,26.127118849666857,20.719606045563367,4.034474333333334,7.202467666666667,-2.6998368055555577
203,CaWO4,6.2090000000000005,12.05423214840383,25.149141438697953,3.973708333333333,7.692926666666668,-2.7260626541666664
204,CaTaAlO5,6.2523,5.5573422864501065,10.673698557742503,3.9754736666666672,26.323511666666672,-3.48522629125
205,CaTiO3,3.4723999999999995,1.9577835144527425,4.625366047495909,6.625021,117.98884199999999,-3.556087157166668
206,CaSnO3,5.568,1.174476139649148,9.785275455514963,3.8219596666666664,6.8049713333333335,-2.6796842760000006
207,Cd(SbO3)2,3.9088000000000003,0.7878218281192522,12.57113765556489,4.2398,6.528359999999999,-1.8466473544444453
208,Cd2BiAsO6,3.5425,2.515258420952632,53.70527468893155,4.763177333333334,11.395503,-1.6573957220000004
209,Cd(GaO2)2,3.7634,0.6982525742641682,3.979303321679539,4.568071,7.048705000000001,-2.035682127142857
210,Cd2GeO4,3.1753,0.842633195002586,11.34592391731697,4.37672,5.379870333333334,-1.772327568214286
211,CaYBO4,7.2886999999999995,2.019749469687608,11.946780549627755,3.373386333333334,7.169511,-3.5236402415476196
212,CaZrO3,6.100200000000001,2.584793978770346,11.554789096655721,4.671968666666666,33.175129,-3.6701750695
213,Cd(AsO3)2,4.5475,0.8562363252700289,4.558865186208359,4.1664943333333335,6.848237,-1.7032414577777768
214,Cd(CuO2)2,1.04,8.101398057758695,11.948967547425344,11.202580333333332,3.868209333333333,-1.086108654285714
215,Cd2SnO4,2.0395,0.6585747809908178,30.49532744443511,5.5505466666666665,8.46349,-1.7174426921428578
216,CdWO4,4.5189,5.872793922407997,6.545568807101703,5.134420666666667,9.641669333333333,-1.9920295575000004
217,CdMoO4,3.7321999999999997,3.7191492502171375,12.726001937258399,5.223887333333334,10.913166666666667,-1.8208159250000007
218,Cd2Sb2O7,2.3010000000000006,0.6798815867937219,9.103539012496539,4.830633,9.308036,-1.7912493104545453
219,CdBiO3,1.5419999999999998,9.903473644593403,9.64660495069808,7.647588333333334,13.210139666666668,-1.4425207350000004
220,CdAuO2,1.9834,1.9718736283943503,5.203089987950169,7.508277,4.473020666666667,-0.8983910800000001
221,CdSnO3,3.0019,0.6168361268408006,14.902935215484106,4.869623,7.335567999999999,-1.8451541470000001
222,Cd3SiO5,2.9297,0.7654832444771951,5.0505996398657835,4.526909,11.687854,-2.040596981666667
223,CdIn2O4,2.7218,0.6567658044374574,14.091856790203849,5.000471,5.423804999999999,-1.849453656428571
224,Cd2SiO4,3.8669,0.9438651591366705,8.203049622989912,4.055257,7.215304333333333,-2.2258739942857138
225,Cs2Al2Sb2O7,5.8152,3.090550260573892,45.14283449196063,3.265689666666667,3.7700746666666665,-2.515293009297082
226,Cs2Al2As2O7,6.2103,3.7312395946675494,62.70767324024948,2.977689,4.170983666666666,-2.50447628698939
227,CrCdO4,3.8403,10.119758408486993,4.399762420439912,4.311078333333334,4.123375666666667,-1.6374905883333328
228,Cs2BeO2,5.4793,1.2774377765375893,44.25235367566066,3.323217666666667,7.575436666666666,-2.0228830126724127
229,Cs2Li2SiO4,7.1286000000000005,1.7088668137434744,25.67676567231937,3.099229,6.30915,-2.471690085836526
230,Cs2HgO2,4.5877,3.252050795136978,4.847931436063866,3.3566603333333327,5.382251,-1.2912457101724137
231,Cs2Li3GaO4,6.6743999999999994,1.3962373472351137,15.61501922511317,3.4773863333333335,10.180123333333333,-2.0056589673362066
232,Cs2CrO4,5.858499999999999,36.8243789340033,154.02597177035977,3.033957666666667,4.284714999999999,-2.071006494766011
233,Cs2LiAsO4,7.418799999999999,1.4421113913830452,85.03141196115368,2.96245,5.140230666666667,-2.1015164842744247
234,Cs2Li2TiO4,6.7987,2.1474948388392843,26.750050103491155,3.3952446666666667,7.305689,-2.5297178812068966
235,Cs2Li2GeO4,6.633,1.2949362695644768,44.55939633220414,3.2185943333333333,6.114782666666667,-2.1051380158365265
236,Cs2CeO3,4.789899999999999,186.08275373019933,19.445603678179474,3.817134333333333,9.533934333333333,-2.6745016659770116
237,Cs2NaVO4,6.7461,9.984847391177745,29.85425952270324,3.131918666666667,5.3960989999999995,-2.2953622790517247
238,Cs2NaAsO4,7.2421,1.2577471076798576,52.24615138213033,2.9484283333333337,5.803801333333333,-2.033367830301724
239,Cs2LiVO4,6.7667,22.1219766127492,149.8712679465351,3.165710333333333,5.6251283333333335,-2.368656789274425
240,Cs2O,2.3871,1.240804123795331,10.065349811791656,4.646568666666666,6.820163666666667,-1.1884128869540227
241,Cs2PbO2,3.3920999999999997,2.848556227108084,39.88178183229233,4.047640333333334,5.797757,-1.4864209311724128
242,Cs2Pb2O3,2.8317999999999994,2.131175765531463,1.2283359378939769,4.79029,5.088754,-1.5268511915517244
243,Cs2PbO3,3.5694999999999997,1.614889545951016,165.77493517696695,4.056122333333334,10.052953333333333,-1.5408556518103453
244,Cs2SrV4O12,5.0999,11.131028294152465,10.15553955243004,3.367853666666667,4.886761666666666,-2.5648802364488814
245,Cs2Sn(GeO3)3,5.6480999999999995,1.27409987157609,15.433560544322221,3.358101,5.0864183333333335,-2.1657504797241387
246,Cs2SnO3,5.1392,1.1832767129511679,27.799264356438535,3.6298366666666664,12.010268000000002,-1.9013199843103443
247,Cs2Ti(GeO3)3,5.3857,5.49098390192497,27.448536549422215,3.8927413333333334,8.845178333333335,-2.435443920613027
248,Cs2ZrO3,6.411200000000001,3.757729183473857,16.052704307888902,3.6427936666666665,11.297011,-2.7334711218103447
249,Cs2Zr(SiO3)3,8.3378,3.0919809988993467,16.503432642630866,3.0953966666666672,5.979477,-3.223948679390805
250,Cs2WO4,8.0483,1.669704082436562,43.997626873694855,2.8372240000000004,4.1330160000000005,-2.255758910123153
251,Cs3AlGe2O7,6.7513,1.232695754495503,57.510411166200385,2.9238433333333336,5.085707666666667,-2.4081763991379304
252,Cs3AuO,2.8615,2.369939993347768,44.601537230916925,4.897433333333333,8.579773000000001,-0.873694127758621
253,Cs3As5O9,5.4934,2.1168106725972216,17.074454494527394,3.183317333333333,4.047435,-1.813479687870183
254,Cs3AlO3,5.0683,1.4421949382596335,80.63545739855907,3.402639,7.409145,-2.1623344291133013
255,Cs3BiO3,5.1726,5.0645421426972685,17.847625243853855,3.615157,6.128685,-1.6135073416133006
256,Cs3ScO3,5.2548,1.4094163950297656,22.686807689293413,3.600035666666667,7.948817666666667,-2.270928959827586
257,Cs3SbO3,5.2522,6.713119216151607,10.13329976871632,3.498707,5.337668,-1.7730991862561583
258,Cs3GaO3,5.2515,1.1406119147329465,55.16235151043212,3.639618666666667,7.395228666666667,-1.7918229108990151
259,Cs3InO3,4.5583,1.3792588744991194,43.84079799286084,3.6754603333333336,8.004839666666667,-1.6228296433990148
260,Cs3TlO3,3.8259999999999996,1.5394023810450141,51.16869757318017,3.909603333333333,9.374599666666667,-1.3588165867323485
261,Cs6Ge2O7,5.9444,1.4112245046771321,10.27758844367498,3.270637666666667,7.679224333333333,-1.9559277455057478
262,Cs6Si2O7,6.322900000000001,1.1898937211046932,11.232619383575038,3.199878333333334,8.015775,-2.38790383483908
263,Cs3YO3,4.7884,1.4555820400782866,29.30466838597303,3.562775333333333,8.447477999999998,-2.1944337257799678
264,CsAlSiO4,8.4674,1.5978848311678557,19.94586833081103,2.6569273333333334,4.525261666666667,-3.1883621500615753
265,Cs12Sn2As6O,1.6458,4.975458198032623,2.829490332249952,6.8375433333333335,7.094680666666666,-0.5198922095320198
266,CsAgO,3.4568000000000003,1.7785821555212484,16.195182934763817,4.006737333333333,3.6310083333333334,-0.9973837940325665
267,CsAgO2,3.5287,63.172447472617954,11.005119318372012,3.9896149999999992,3.440070666666667,-1.011737821149425
268,CsBeAsO4,7.6232,1.7614320537868355,20.72827529725781,2.96617,4.08873,-2.2954097136330054
269,CsBO2,7.4714,1.5713862939476828,24.887311389492538,2.6534786666666665,6.285455,-2.6054637117744255
270,CsBi(MoO4)2,3.6924,65.38075081769172,565.8839498746826,4.553403666666667,14.900638666666666,-2.025001626910921
271,CsAuO2,4.3754,26.302218924357685,35.121265379317144,3.548257,3.3044843333333334,-1.1381685432327586
272,CsAuO,3.1273,1.386976743337505,341.20683216571473,4.125407333333333,3.797841,-1.065539007643678
273,CsK2AuO2,4.3199000000000005,6.68624473069174,40.125636216367525,3.680311666666667,5.086077333333334,-1.2631183623218392
274,CsCu3O2,3.3697999999999997,1.5845759646922852,8.719456313333446,4.1623236666666665,4.992632333333333,-0.9714943813218389
275,CsCdBO3,4.7649,0.9483240593389113,6.690260887327481,3.132481,6.152141,-2.2093143211829505
276,CsCuO,3.1835999999999998,4.224986854316347,9.756827321622843,3.6478900000000003,4.448237,-1.1894963259770117
277,CsCuO2,3.765,55.58992548155556,8.479133738722835,3.9636096666666667,3.2813623333333335,-1.3513275119827588
278,CsLa(WO4)2,5.3087,30.03948994113169,19.69912158104719,4.593373,9.739403333333334,-2.658766500244253
279,CsNa2BO3,7.0503,1.2844532743681247,36.67162505472935,2.882133666666667,4.699344333333333,-2.2313060886001637
280,CsLaO2,4.8801000000000005,1.6393599517953201,5.76025771806929,4.224455333333333,16.83796,-2.9175727932327584
281,CsLi5(BO3)2,7.2237,1.746144550769181,80.64811263992208,2.641357666666667,9.882810000000001,-2.499420128066502
282,CsLiWO4,8.3385,1.839714563946845,16.062933518870572,2.591738,3.4886123333333336,-2.3232398930377673
283,CsNaTiO3,5.7097,8.53064980334319,73.18995276472336,3.7168943333333337,7.0012473333333345,-2.7473353546360153
284,CsNb2BiO7,3.9603,6023.333684331234,107.36753544144656,5.0955710000000005,21.867086999999998,-2.666613037539186
285,CsSbO2,4.3255,3.3700611632216404,32.332003446992836,3.703191333333333,5.9843720000000005,-1.8573301069827588
286,CsSr2Ta3O10,3.8296999999999994,97891.21314349746,6.899744391837375,4.284535000000001,28.900896000000003,-3.356108152579024
287,CsTa(BO3)2,5.8651,2.547876178180239,8.921561486373852,3.47355,14.490724333333334,-3.0156240021264367
288,CsSc(WO4)2,6.969099999999999,6.151230631145635,8.943715071790582,3.0685936666666667,4.4065319999999994,-2.598138184410919
289,CsY(MoO4)2,6.6991,6.437904192315292,10.651569430336496,2.9842263333333334,4.648224333333333,-2.564341022883143
290,CsVO3,5.5648,96.47159481879467,36.00874289981949,3.37706,4.6446803333333335,-2.4180726150862073
291,CsTlO,2.6455999999999995,1.219731064183817,9.978094992193608,5.259154666666667,5.959257000000001,-1.1640747204214557
292,CsY(WO4)2,5.0039,91.48002181854302,9.93739272093095,4.723101666666667,9.826385666666667,-2.63962112954981
293,Cu2PbO2,1.3041999999999998,1.2535465446523117,6.464342344581347,7.995853,6.585559666666666,-0.9810454259999997
294,CsYO2,4.869400000000001,1.4654654251197856,5.7737185284972465,4.2067206666666666,13.088968333333334,-2.948288286149425
295,CuAsPbO4,3.6326,2.695541478051462,24.791264243712526,4.596036333333333,7.976665666666666,-1.5037404307142852
296,Ga2O3,4.77,0.7780751766400518,10.371087522049336,4.106604999999999,7.704474333333333,-2.268996668999999
297,Ga2PbO4,5.2946,18.621504198870813,11.29703695293699,4.179442666666667,20.079409666666667,-2.070018908571428
298,Ga4GeO8,4.8808,0.8764040559989529,22.30273895706754,3.9217896666666667,6.585408000000001,-2.232362397307691
299,GaBPbO4,4.8388,2.332409693281681,8.499192375397218,4.370399333333333,8.781319666666667,-2.299635754880952
300,GaAgO2,2.0340000000000007,1.2755510660027876,4.370267138172515,6.218566666666667,5.033983333333333,-1.5849508985416665
301,GaAsO4,6.5921,1.3815012157654065,30.884753466319598,3.164008666666667,3.2865456666666666,-1.9411355259722214
302,GaCuO2,2.6372,1.5394887711050438,9.800202000770401,5.181799333333333,4.478015,-1.6750175293749994
303,GePbO3,4.3591,1.8740502228089069,8.791241874770996,4.092374666666667,8.621106666666668,-1.9292281530000004
304,GeO2,6.292800000000001,1.1732202156025393,28.56494503384766,3.2787089999999997,3.2441940000000002,-2.077037438333334
305,Ge3Sb2O9,4.9162,3.3021373513123153,5.164107244408756,3.916066333333333,5.2426889999999995,-1.9797399339285713
306,GaSbO4,3.2138999999999998,0.7530319708071547,4.706573539280149,4.5586633333333335,8.528592,-2.0545152529166666
307,Hg(SbO3)2,2.2003000000000004,0.642887375145049,3.518401732427563,5.099835333333333,8.253252333333334,-1.6210491716666677
308,HfSiO4,8.0133,14.811033730149566,8.826780297628208,3.8919676666666665,7.465469333333334,-3.655534863333332
309,HfO2,5.911200000000001,5.307797710383059,17.26199155508664,4.752285,12.008217,-4.019811100833333
310,HfGeO4,6.3398,2.8285520547307925,36.092824157155206,4.672985,13.247272333333333,-3.057883398333333
311,Hg2GeO4,2.1616999999999997,1.1472463866606644,9.577590045630696,5.650546333333334,7.595986000000001,-1.2758405857142856
312,Hg(AsO3)2,2.6295,0.6945002591814483,3.2777284490753624,4.977647666666667,8.388259,-1.468409555
313,Hg2WO4,2.7385,3.1830202293785526,2.4625051633048605,6.541574,11.149944333333332,-1.450482718571429
314,In6Ge2PtO9,2.3949,0.5547413619169083,6.6695875620543585,7.033704,9.975447,-1.7544686541666676
315,Hg3(BO3)2,4.5103,3.227054110951369,10.943514216478937,4.2178906666666665,3.4952969999999994,-1.6654760366666665
316,In2Pt2O7,3.4617999999999993,0.9425552896116455,8.840712772508477,7.388302,5.219332,-1.5206784772727273
317,HgAsO3,2.6072,0.6416131972445905,3.6599315549160285,4.7201916666666675,7.458185666666666,-1.36557892
318,HgMoO4,3.372,5.153761394986455,5.900532567118544,5.852732333333333,8.033720333333333,-1.5410375866666683
319,InBO3,5.5877,1.4146066966605724,6.662137498364121,3.554743333333333,6.230160000000001,-2.460089823833333
320,HgO,2.2824,5.451013484947682,5.714299158662298,6.354884000000001,6.208623333333333,-0.6380533187500004
321,In6Ga2PtO8,1.4745,0.43720380155774774,18.11256281452537,8.235271,6.999803,-1.7777523973529403
322,InSbO4,2.9721,0.6102159272615375,23.664706092845734,4.771778666666667,8.801013666666666,-1.9531342274999997
323,K2Cd2O3,2.0759,0.7749263315669326,4.862072910531866,5.331521333333334,20.184903666666667,-1.421974928
324,K2LiBO3,7.4663,1.5760576866598452,103.41713017148416,2.6045603333333336,6.625821999999999,-2.3490071212142856
325,K2HgO2,4.7161,19.484640985803306,479.5854994291773,3.122221666666667,3.196497666666667,-1.3482863282
326,K2CdO2,3.5434,1.2608066920113536,25.91396469395481,3.6984246666666665,6.269668333333333,-1.4227824772000002
327,K2CrO4,5.9666999999999994,25.530132050883246,19.016447242670647,2.813928,5.138455,-2.064692100857142
328,K2Al2Sb2O7,5.6761,2.701295843144756,14.830002276096042,3.1829769999999997,4.846507333333333,-2.5361834362307683
329,K2BeO2,6.2717,1.3679166881346632,1913.4309227738706,2.743923,5.363111,-2.1087224357000003
330,K2LiVO4,6.9994,34.93487608378713,59.74705354473692,2.9299283333333332,5.1973666666666665,-2.3815384211666677
331,K2Na4Be2O5,5.8622,1.351651865647534,27.800458563151125,2.7850463333333333,4.340318333333333,-2.0190970670928374
332,K2Pb2O3,2.4279,1.3635660821450755,0.9890777692671756,5.178219,4.929581,-1.5674005930000003
333,K2NaTlO3,3.5575,1.3365043796726286,22.800193895499834,3.6305600000000005,7.119423,-1.4404617283407233
334,K2PbO2,3.492,2.8666608211827143,14.64199765458146,3.819478666666667,4.072667,-1.5445868726999992
335,K2MoO4,7.3027999999999995,502.56065701118206,10.757916814482257,2.7136186666666666,5.335565666666667,-2.2102276172857156
336,K2MgO2,5.5971,1.217330676785272,11.3696455724998,2.9896456666666666,9.241252666666666,-1.9796745647000002
337,K2O,4.2339,1.2532146217900944,17.90030583185927,3.2236500000000006,5.023135,-1.2478575836666663
338,K2SnO3,5.1762,1.3531942689793242,58.11005868570194,3.133634666666667,5.160640333333333,-1.960791325583334
339,K2Sn2O3,1.9424000000000001,2.745243346104861,0.78054871767601,5.198546,4.408163,-1.7484540158571429
340,K2SrTa2O7,4.1107,4213.947075054788,43.219144142983076,4.159290333333334,35.395635000000006,-3.1518085123055553
341,K2PdO2,3.8509,50.548444840252785,402.47267469571466,4.317436333333333,4.820187333333333,-1.2972710951999993
342,K2PbO3,2.8844000000000003,1.2485985023466584,105.12329215294112,4.381364666666666,6.242933333333333,-1.595229126
343,K2W2O7,4.0556,11235.085215959578,629.2734543013183,4.246939333333334,14.585453333333334,-2.2877532241818175
344,K2TiO3,6.0828,9.520227610191137,109.75969500825302,3.3729546666666668,10.250610666666667,-2.7683101607222227
345,K2WO4,8.0824,1.6217562092022617,10.919165232834514,2.6302033333333337,5.275626666666667,-2.2623488715714286
346,K2Zn(GeO3)2,6.1246,1.383056081834587,14.22455517306265,2.99808,6.251424666666668,-2.118034853727273
347,K2Zn(SiO3)2,7.8668,1.4384339639924386,17.66729107129096,2.667399,5.743921333333333,-2.738241137818182
348,K2Zn3O4,4.1168,0.9672687116279598,9.656306235579656,3.6119833333333333,5.883552333333333,-1.7129024184444446
349,K2Zr(SiO3)3,8.329799999999999,1.5975928245658404,18.57036908654195,2.8734823333333335,6.794111333333333,-3.223989728066668
350,K2ZnO2,4.9140999999999995,1.1388616291870601,20.31465885433101,3.255967333333333,8.087598666666667,-1.5858322862
351,K2Zr(BO3)2,6.705500000000001,3.286422742150547,32.98399679030662,3.2462283333333333,6.185018333333333,-2.985414737666667
352,K2ZrGe2O7,6.7768,1.5129695930612455,19.37192858096823,3.4815576666666668,9.487477333333333,-2.6043478938333333
353,K2ZrO3,6.6073,1.6561506597746054,79.82879482834255,3.116823666666667,5.7514080000000005,-2.7850904772500007
354,K3AlO3,6.2168,1.296765556029292,63.96046158106304,2.7724043333333337,5.357741333333333,-2.2661893055714293
355,K3BiO4,3.9256,1.9639328375396716,196.53903605536084,3.327498,5.079876,-1.6478609523749999
356,K3GaO3,5.756600000000001,1.2291177970699132,116.36004104710837,2.949643,5.622343666666666,-1.8962762109285722
357,K3NaCr2O8,5.8825,54.62837932005252,28.965687373149013,2.8279389999999993,4.427339333333333,-2.0539452878965525
358,K3BiO3,5.1759,7.34402126005989,81.75538055043276,3.1846270000000003,3.82103,-1.6843301366428576
359,K3AuO,1.6006,1.2672081955674122,8.830886839498302,5.679782,9.648285,-0.8923022508000003
360,K3Nb3(BO6)2,4.0173,2.277533875699929,25.210626607344164,4.702020666666667,23.81111233333333,-2.880711047366667
361,K3ScSi2O7,6.7552,1.8739068356210782,395.52965043394033,2.9707233333333334,6.200667,-3.0426302164615393
362,K3Ta3(BO6)2,4.679,1.9504237487103038,25.843934946642293,4.2347790000000005,29.071719333333334,-3.0601646518666668
363,K3V5O14,3.7500999999999998,88.34988183534531,127.19020354006702,4.571054,13.12282633333333,-2.405595835409092
364,K3ScV2O8,5.3817,5.941063138058084,7.390080079801166,3.646144666666667,11.949292999999999,-2.7020391317142867
365,K3SbO3,5.6876,5.567866534203606,58.94587092275138,3.08047,4.284503,-1.8246181187857147
366,K4Be3O5,6.5419,1.5414783372309713,69.43986064778906,2.7224226666666667,5.415421666666667,-2.308588006000001
367,K3Y(BO3)2,6.5052,1.7294956368830754,9.425016507903242,2.8759816666666667,6.35801,-2.8370548749166664
368,K4Hf5O12,5.4055,3.487348825975456,166.1090491108218,3.8602260000000004,10.600326333333333,-3.412731593904761
369,K4PbO4,4.4668,1.730479828752781,85.15890723197887,3.128638,4.576603666666667,-1.5853561968888892
370,K4HfO4,6.0248,1.6273947550295857,45.23339669357915,2.744204,4.165525333333334,-2.4203923374444445
371,K4TiO4,6.2468,1.8749178696653026,43.0215306018919,2.8465206666666667,4.711872666666666,-2.3870159428148146
372,K4SnO4,5.5478000000000005,1.4517437761868097,50.734069473936266,2.875456,4.672614666666667,-1.8330781641111118
373,K4ZrO4,6.0219000000000005,1.6917808264308842,47.6989795148983,2.7997750000000003,4.286821000000001,-2.356121356888889
374,K6MgO4,4.2343,1.631556876338257,13.46436211935616,3.232575,5.663329666666667,-1.5861545939090913
375,K6Si2O7,7.1823999999999995,1.7126346213879757,73.12090280642838,2.576038,4.663902,-2.4870975168666662
376,K6CdO4,3.8983,1.2248603988977829,81.9689890424809,3.505988,6.344572333333333,-1.3516980993636358
377,KBO2,8.229199999999999,1.7625387305933788,21.385750966166857,2.4124183333333336,3.340518,-2.6493241330416666
378,KAsO2,6.2463999999999995,7.047353128388376,15.177628297003313,3.2113890000000005,3.9502466666666667,-1.8932941094999993
379,KAgO,3.7174,6.380867202943911,13.559214995970647,3.882379333333333,2.401294333333333,-1.0377020890555557
380,KAgO2,3.4392,7.053066321043953,23.079084169281543,3.9519529999999996,2.6424523333333334,-1.0288566724166666
381,KAuO2,4.307,5.768289385178154,47.855602812706096,3.5176423333333333,2.6172736666666667,-1.149285877
382,KBa4Bi3O,1.2735000000000003,3.4863051150437068,11.57459162107357,9.425322,7.780266999999999,-1.305186875888889
383,KBaY(BO3)2,7.1209999999999996,1.6577980700781874,33.21119115669864,3.304395,7.20337,-3.183602483454546
384,KBi(WO4)2,3.8069999999999995,5.4015470931933685,7.210590230501779,5.400119,21.893759666666668,-2.154745962333334
385,KBa4Sb3O,1.6447999999999996,4.614907345182427,11.334055324075106,8.263406,8.085693,-1.4560364542222222
386,KBiO2,3.2183,2.477943160445008,5.645728900781998,4.347915666666666,7.436540666666667,-1.7274063657499994
387,KCuO2,3.838,9.175580830985686,54.80479287191452,3.854649,2.50308,-1.3800155169999995
388,KCuO,3.9267000000000003,3.2972703439485644,16.310701790126913,3.5031926666666666,2.6596290000000002,-1.2247965501666664
389,KLa(MoO4)2,4.9183,30.244280243913856,10.775852976106801,4.572903666666666,9.865741666666667,-2.5345851960833343
390,KInO2,4.4089,0.9742163194181928,8.366330269606046,3.845326,5.383184,-1.9181423932500001
391,KLa2NbO6,5.8961,16.49777629237,36.334441216171,4.222003,10.501834333333333,-3.4270264577999994
392,KLaTiO4,4.1693,55771.63254262761,41.47012696471777,4.6307496666666665,20.470125999999997,-3.3891239894761904
393,KLaO2,6.1637,2.2348388032763506,13.054946937957666,3.7321236666666664,14.091239000000002,-3.0098056045
394,KLi3PbO4,3.6269,1.5687274157319644,22.59814599126203,3.9052936666666667,5.975054,-1.8470879364444448
395,KLi6TaO6,7.2512,10.915042274153514,6.877920891333429,3.3898463333333333,7.9643956666666655,-2.491737536642858
396,KLi6BiO6,3.8761,1.6014265612833176,4.448475542576996,3.7589706666666665,6.411784666666667,-1.9866970273571427
397,KLi2BO3,8.0985,1.8070749449320633,91.72878566817889,2.524979,6.437401333333334,-2.4615572841190474
398,KLiZnO2,5.1558,1.2112294210153778,9.450274915599564,3.334964333333333,6.249384,-1.8137468742666671
399,KLiZn3O4,4.3629999999999995,1.043633807497537,7.896036296277341,3.7360713333333333,6.085709333333333,-1.8154518295925928
400,KNa2AuO2,4.5612,3.091860545179534,39.24670598092759,3.5686933333333335,5.073886666666667,-1.3229211901839077
401,KMgBO3,8.4485,1.3004851061441283,13.184063071822546,2.476511,3.596947,-2.7871217324444446
402,KNaLaNbO5,6.0362,2.854518383001791,1987.721158339275,3.633044333333333,10.209367333333335,-3.0447060932835246
403,KNaGeO3,6.4593,1.3919768301578685,58.30381076352505,2.8887363333333336,5.7941503333333335,-2.117326609925288
404,KNa2GaO3,5.7875000000000005,1.1907963670542765,14.68424643281244,3.0055936666666665,11.045851999999998,-1.9351326458719207
405,KNa2CuO2,4.6485,2.440551011611043,14.137721701501034,3.2299736666666665,5.182652,-1.3448539360172416
406,KNaV2O6,5.7498000000000005,52.160883144498776,37.718776873448576,3.3081700000000005,3.657095333333333,-2.4089065384551738
407,KNbO3,3.608,3.066017923417613,6.093493269097675,5.635778999999999,30.431233333333335,-2.856321835600001
408,KNaLaTaO5,6.2366,2.8830546030622592,1637.5994335368732,3.496316333333333,9.492555666666668,-3.151726888283525
409,KNaTiO3,6.3111,29.330405246530113,51.426979299930935,3.360897,6.923138000000001,-2.79306841464751
410,KNaZnO2,4.7224,1.1029637771875271,11.045777423694624,3.228810333333333,8.626629333333334,-1.6351506479103448
411,KSbO3,5.7535,1.425042313832099,31.646343222220814,3.2137016666666667,4.1186750000000005,-2.0533213286
412,KSbWO6,4.9013,5.722876289996899,10.87882863063309,4.104057666666667,13.422435333333334,-2.1513781164444437
413,KNbWO6,4.6735999999999995,13.5493864033931,14.451399558864196,4.984422333333334,78.91042166666666,-2.599885083666668
414,KSbO2,3.6699,2.0399515617045187,15.821442851628898,3.8251996666666663,6.11353,-1.8866991319999995
415,KPd2O3,1.6165,59.58990431666904,546.3439974464869,6.505760666666667,2.311373666666667,-1.1387090771666672
416,KSrVO4,6.3657,47.51253683859832,15.331409448312279,3.4178383333333335,6.1847080000000005,-2.790164918166668
417,KSc(WO4)2,4.5673,65.79258920229651,16.643742526597666,5.130521,14.103613333333334,-2.624759325666668
418,KScO2,6.0127,2.329671517327072,12.646344647117962,3.944418333333333,12.098459333333333,-3.098326909499999
419,KTaWO6,4.907299999999999,5.2252000191215835,10.611697438473957,4.676905666666666,50.90223533333333,-2.724571057555556
420,KTlO,2.1795999999999998,1.2229780635889675,4.722251712456231,5.153441666666667,4.963994333333334,-1.2013808837777784
421,KVO3,5.4946,35.6502349696401,10.155838350446075,3.3748633333333338,8.796460666666666,-2.4108654021000016
422,KTaO3,3.5482,1.6662741829921905,5.966693064410725,5.524804,215.775892,-3.0776119956000008
423,KTlO2,2.3447,0.9471051302526399,8.002829323137398,5.0068106666666665,8.115687333333334,-1.3916903565833332
424,KTa(GeO3)3,6.4726,2.0189290838613454,25.948933084097572,3.2588303333333335,7.127889666666667,-2.482350473785715
425,KZn4(SbO4)3,4.2661999999999995,0.8842092722560884,22.62640408109187,3.983641666666667,5.744692000000001,-1.92137267765
426,KYO2,6.650600000000001,1.9982540582239052,9.571517654886124,3.6149089999999995,10.276965,-3.091269242416666
427,La(SbO3)3,3.9208,1.1896258114028222,66.49005481272715,4.316502333333333,10.865558,-2.311320759615385
428,KY(WO4)2,5.2547,33.295603293698264,32.62354764919345,4.4945226666666676,9.547965666666668,-2.6683456591388888
429,La2Be2GeO7,6.5091,1.593742511809994,7.82465806693174,3.9559053333333334,9.544195,-3.2724024612500004
430,La2HgO4,4.0774,5.636404202520662,21.264517491078664,4.759929,9.756192,-3.0102494692857142
431,La2Pd2O5,2.4869000000000003,4.936631886662893,18.599395344507613,7.490709333333332,11.124763999999999,-2.572202741111112
432,La2Hf2O7,6.4231,2.540054447486994,4.367228199271579,4.594177,21.24773,-4.042177046363635
433,La2Pt2O7,2.1244999999999994,3.311851384913683,5.27948827970814,7.720126,8.923963,-2.371636143181818
434,La2Sn2O7,4.878900000000001,1.0661450327937438,5.364144422106657,4.484221,12.663936,-3.017273797727273
435,La2ReO5,2.2658000000000005,7.775557355570181,32.05750368759285,5.431774999999999,14.481344000000002,-3.262216910000001
436,La2Zr2O7,5.8523,3.084366483174599,4.931533431848102,4.860834,24.457829,-3.9093342250000003
437,La3HfGa5O14,6.2759,1.239530193193361,13.892997528091543,4.095563,16.847372333333333,-3.072600506630436
438,La3BWO9,4.9666000000000015,98.62726182425317,26.847498968795723,4.675408666666667,12.935156666666666,-3.388183419940475
439,La3SbO3,1.2150999999999996,5.829978694453054,12.193872124931517,10.269506666666667,19.209425666666665,-3.1728540742857136
440,La3TiGa5O14,5.325800000000001,31.589043745157777,19.143767546219834,4.353758666666667,38.705164333333336,-3.0134899915579707
441,LaAuO3,3.5186,21.59673059379915,20.519116642439883,5.7546963333333325,8.364673333333334,-2.3148732075000007
442,LaAg(MoO4)2,3.7217,25.760868761887917,25.895849933591606,5.287775333333333,8.892328999999998,-2.2622846418055573
443,LaAsO3,4.1139,2.7365010056225625,8.244933101334865,5.1116079999999995,25.302211666666665,-2.865892928000001
444,LaAgO2,4.564,2.2176545392307245,12.98992239844361,4.908787666666666,6.7470810000000006,-2.570624321666667
445,LaAsO4,6.8296,1.5442464444922637,6.396454378329511,3.6692823333333333,7.317122666666667,-2.842171153333333
446,La6WO12,4.711,34.59499617525377,17.61612272180553,4.812954,19.663341,-3.623329683157894
447,LaBO3,7.6297,6.30087818382599,23.231637232725948,3.886635333333333,11.025568666666667,-3.5211455498333333
448,LaCuO2,4.3431,2.1899341133166423,35.26415562634634,4.555661333333333,7.390781,-2.68907418625
449,LaSb5O12,4.976800000000001,4.286060437822624,6.490665561630303,4.524113,8.375392333333332,-2.1827053336111115
450,LaNbO4,5.836500000000001,21.447018941945437,9.508495610419764,4.840267,13.915788666666666,-3.5578728433333335
451,LaSbO4,5.490599999999999,1.6461344029811205,7.548423302484101,4.057976333333333,11.794777333333334,-2.850073525
452,LaTaO4,5.117,6.163333651671309,7.77676558296506,5.198421666666666,35.65866333333333,-3.714358530416667
453,LaScO3,5.926,4.535392368386663,7.9983525805039495,5.086065333333333,25.72024933333333,-3.950563378
454,Li2BeSiO4,9.802000000000001,1.6296079392746106,13.739379335335137,2.802674,3.5090456666666667,-2.9697805114583327
455,LaVO4,4.9328,3.6743519608676283,5.418650769089841,4.286295666666667,7.718616333333333,-3.2245574741666667
456,LaTiSbO6,4.793799999999999,4.5910928948702106,31.557738639490992,4.717275666666667,16.318702,-3.0767909064814827
457,LaZnAsO,1.0343999999999998,1.5805685882446427,3.125033593212461,10.320184333333334,14.560077333333332,-2.063262256250001
458,Li2CaGeO4,7.1129,1.470667221880837,7.628724758187468,3.394334333333333,6.903261333333333,-2.6042605814583326
459,Li2HfO3,6.7959,2.922760970721995,5.900210626097702,3.886367,19.786502,-3.167898949444445
460,Li2GeO3,6.8346,1.639394055582707,12.995434963973967,3.07272,3.6433243333333336,-2.322119386944445
461,Li2CdGeO4,5.1327,1.0657027062067121,16.741217782318554,3.5776950000000003,3.8946156666666667,-2.118090361458333
462,Li2MgGeO4,7.172499999999999,1.240217926825668,11.861016299352666,2.983282333333333,3.1775083333333334,-2.5282078089583333
463,Li2HgO2,2.4527,1.8887941457658506,5.281524666909996,4.948267666666667,10.814873,-1.503657730333333
464,Li2PbO3,2.4227999999999996,1.0812692340133092,5.2618313037872415,5.3915326666666665,23.082903,-1.7885059302777786
465,Li2O,8.2887,1.4989150369417126,6.035562352812445,2.891201,4.482524,-2.061597913888889
466,Li2PdO2,3.2722,5.681443279702628,7.501804732713099,5.413668666666666,6.446283333333334,-1.6489494633333326
467,Li2PdO3,3.0063999999999997,5.084215565860702,9.926597905898785,6.558349666666666,11.250504999999999,-1.6314154052777776
468,Li2SiO3,9.0519,1.6742360390157345,7.636405652890553,2.6883246666666665,3.6075976666666665,-2.882895587777778
469,Li2Si2O5,9.2746,1.61728758398172,21.30106752119982,2.516323333333333,2.609513666666667,-3.0159132185185182
470,Li2TiO3,4.7355,5.785141933070775,6.953666358580191,4.90203,21.50483,-2.981954403333334
471,Li2WO4,5.7178,69.33090682117972,9.2021628587451,4.007818333333334,10.573870333333334,-2.3523708066666673
472,Li2SnO3,5.945600000000001,1.4390909868749238,9.298265119791196,3.609249,15.294708,-2.2246867915277777
473,Li2ZnGeO4,6.228199999999999,1.2114123339961098,10.092674613931761,3.2604246666666667,3.4787029999999994,-2.225629343333333
474,Li3AsO4,8.125,1.5979124883864215,13.061389025393686,2.8091413333333333,2.9378433333333334,-2.270408983125
475,Li3BO3,9.2524,2.4841561609104543,19.41431143580436,2.6513243333333336,4.208814,-2.5554420863095233
476,Li3AuO3,4.124,7.909489544831781,14.6589200231649,4.344442333333333,8.674955333333333,-1.6711504503571435
477,Li2ZrO3,6.2036,3.301295410541189,5.701804448970082,4.172960333333333,24.127382333333333,-3.0402037461111107
478,Li3SbO4,5.9939,1.726311933790901,8.198691822859498,3.5022939999999996,9.751009333333334,-2.2137175437499996
479,Li4Ca(BO3)2,8.5269,2.319962246924764,62.34207416395863,2.751889,6.575923333333335,-2.778116286666667
480,Li3BiO4,3.3453999999999997,1.6909585331280015,6.911971647364635,4.468119,13.357069333333333,-1.8847122449999998
481,Li3CuO3,3.1885,8.134435908362834,24.029453930436965,5.031586,11.323666333333334,-1.7813896964285716
482,Li4PbO4,3.5103999999999997,1.5297807632523102,13.26765220048248,4.1063453333333335,4.688247666666666,-1.9191432042592593
483,Li3VO4,6.7951999999999995,55.55815147770974,13.378761760667597,3.2253493333333334,3.5013403333333337,-2.502745246250001
484,Li4GeO4,7.518,1.544804673168495,9.624316218729707,2.976393,4.103870333333333,-2.2978871192592587
485,Li5BiO5,3.5577,1.7989657302530297,8.130196856388634,3.926769,17.443110666666666,-1.9488605756060613
486,Li5SbO5,6.0473,1.6356060424362406,9.780178770445277,3.241381666666667,8.183853000000001,-2.198206253787879
487,Li5TaO5,6.2511,7.273601922107445,12.537616113929776,3.6149416666666667,15.273877666666666,-2.654222177424243
488,Li4TiO4,7.3987,28.662861138168573,11.2330060276513,3.2886130000000002,4.516571,-2.7075447612962966
489,Li5AuO4,4.665,8.216340171865255,11.43014128174976,3.8056976666666666,4.151887333333334,-1.8052917166666664
490,Li8PtO6,4.8213,8.11078946098842,8.10928398184924,3.9261676666666667,6.384305,-1.913974511777778
491,Li6Hf2O7,7.0007,7.735561070737814,9.712341475583589,3.5288920000000004,12.722282333333334,-2.9679997396666664
492,Li8SnO6,7.0919,1.798619535389017,9.940230097346706,3.223893,7.873911333333333,-2.1430056621111113
493,Li6Zr2O7,6.6279,3.2673663232216095,11.265303108419356,3.7397953333333334,16.533199,-2.865416462333333
494,LiAgO2,1.9129999999999998,1.9191235291182713,5.358987518295709,7.274057333333334,4.170611,-1.10680037375
495,LiAgO,2.6024999999999996,3.0352973284636366,6.766264747475034,5.685873999999999,2.742221333333333,-1.2579425474999995
496,LiAg3O2,1.7203,3.595113371391081,3.8859348295840257,8.082084333333333,2.6677916666666666,-0.8100851038888885
497,Li6ZnO4,6.9801,1.6374074149170679,9.11019461589315,3.095837,5.155027,-2.0364381918181818
498,LiBO2,9.4956,2.222255830191119,13.398539149569581,2.6232166666666665,2.7039473333333333,-2.7379905412500003
499,LiAlO2,8.3345,1.4053516596583708,9.021327096270795,2.755338666666667,3.3930469999999997,-3.082882981458333
500,LiAuO2,3.1293,3.729911294653967,17.022486869790114,6.179458333333334,2.8171806666666668,-1.2371193445833333
501,LiAsO3,6.5607,1.6733420781747705,14.777604511907185,3.5846183333333332,6.905826,-1.986835451666666
502,LiCdBO3,5.0889999999999995,1.4264761310454737,6.249334064823207,3.373632666666667,4.091391000000001,-2.310187094583334
503,LiIn(WO4)2,4.779,13.849839230707046,9.475657373335624,4.723294,10.340187666666667,-2.206050611527779
504,LiGaO2,6.2866,1.1201923435742709,8.408450591449652,3.303687666666667,3.661515,-2.3788747770833334
505,LiCuO,2.6910000000000003,1.8281584195971357,7.575649329764207,4.913165333333333,2.398529,-1.432946590277778
506,LiCuO2,1.8389999999999995,8.685412082002133,11.73645285803297,7.2973479999999995,7.170536333333334,-1.4505814108333328
507,LiGeBO4,7.9647,1.7784479045274968,15.985041084781372,3.0757046666666668,3.493589333333334,-2.4948268210714293
508,LiSb3O8,3.279,1.1841013136720715,4.85076207294368,4.407374666666667,7.497205333333333,-1.960145810277778
509,LiMgVO4,5.7452000000000005,17.000122912371438,8.27604619179902,3.6434483333333336,5.442232000000001,-2.6633692476190474
510,LiNbO3,4.8370999999999995,4.146856160860786,9.233560360717647,5.643539666666666,33.25228366666667,-2.8995176516666668
511,LiInSiO4,6.1168,1.3379710816632144,21.96352748236526,3.277900666666666,5.850548333333333,-2.6540285472619045
512,LiInGeO4,4.8552,1.111721815395804,49.63960451895872,3.7132330000000002,6.408959333333333,-2.1731072751190474
513,LiNbO2,2.2685000000000004,9.43199476043701,2.67192406060682,8.589648333333335,6.262013,-2.6863822395833346
514,LiLa4AuO8,3.6911000000000005,617.6020384686011,20.585763499408817,4.894191,14.072588333333334,-3.1522000566666666
515,LiInO2,3.8926999999999996,0.8947901698244802,9.275171157880731,4.289544,17.218909999999997,-2.0632245620833327
516,LiSc(WO4)2,4.9619,11.175194714079753,12.490066161421414,4.987422,12.957852,-2.628959805277777
517,LiScSiO4,7.6304,8.741125297760243,30.960550305227784,3.4939513333333334,8.041466,-3.373995029761904
518,LiSbO3,4.901199999999999,1.5404001731356707,11.664627456271221,3.8155536666666667,8.542378999999999,-2.1181940971666666
519,LiTa3O8,4.981,3.8132853053359783,10.208587089530043,5.193652666666667,22.665813666666665,-3.253517249444445
520,LiScO2,6.1031,3.1727152303246506,5.326893865009795,4.318739999999999,18.739898666666665,-3.3446211433333337
521,LiY(WO4)2,5.3487,17.556734624634164,12.536418354856986,4.4441136666666665,27.01249866666667,-2.6577095175000016
522,LiTaO3,5.386699999999999,3.7074366282774007,9.241163222387303,5.135355666666666,36.514332333333336,-3.1271703266666666
523,LiYO2,6.7552,1.4371929321528705,17.546573660176087,3.740676333333333,9.557204,-3.258111344375
524,LiYSiO4,8.3694,1.7329446065777105,9.83099840998948,3.190941666666667,5.6724136666666665,-3.4088637467857126
525,Mg(SbO2)2,3.7887999999999997,4.964293446637065,4.926826514159815,4.735308,5.760725333333333,-2.1705149424999997
526,Mg2GeO4,6.4839,1.2776254780059393,9.047196388782691,3.231723666666667,4.6042803333333335,-2.729311635
527,Mg(CuO2)2,1.2849,15.467857747539714,18.74841038797861,10.518651333333333,6.454752,-1.4986807564285716
528,Mg2PtO4,3.3459000000000003,2.259829315712795,5.6145756341153605,4.543620333333333,3.693566333333333,-2.189217086428571
529,Mg(GaO2)2,5.3063,0.8477034686135958,13.24560607602124,3.85675,6.685458,-2.5373796199999994
530,Mg(SbO3)2,3.5694999999999997,1.0777573749762583,4.552482345316207,4.194986,6.365687666666666,-2.227293432222222
531,Mg3V2O8,5.5081999999999995,26.423738312536834,10.834736366906554,3.8104250000000004,5.261987666666666,-2.7599526800000005
532,Mg3(AsO4)2,7.641299999999999,1.5557619703680392,56.85576719991347,2.777677,3.073910666666667,-2.457165634230768
533,Mg3(BO3)2,9.0291,1.6229925606735092,20.38454291668576,2.8865863333333333,4.479473333333334,-3.0366663284848485
534,Mg4Ta2O9,6.719899999999999,3.96083303480049,10.342802900415684,3.8126016666666662,8.32686,-3.2495734763333335
535,Mg4Nb2O9,5.694500000000001,4.550448058608336,12.551214760008442,4.133742666666667,9.459438666666665,-3.0999197006666677
536,Mg2SnO4,5.5026,0.9670647671280965,40.70848038299163,3.4239643333333336,4.928570333333333,-2.6716233064285717
537,Mg2TiO4,5.5122,19.968572364273474,14.39636923422416,4.166908666666667,10.545842333333333,-3.281690552261905
538,Mg2SiO4,8.375399999999999,1.3293023417164374,8.446637326688737,2.863119333333333,4.201625,-3.2217519799999996
539,MgTi2O5,4.1609,22.074259303704324,8.355439315859401,5.398049666666666,17.164652,-3.4263178977083344
540,MgTiO3,5.2159,18.4439014660801,11.90238118357006,4.925084333333333,13.434209333333333,-3.368974638666666
541,MgV2O6,3.7914000000000003,12.810820935446241,7.1981192682362565,5.739456333333334,13.897205333333332,-2.530057092222223
542,MgTa2O6,4.538499999999999,6.827553680307771,5.2760187565249375,5.131968,24.390214999999998,-3.3311913100000003
543,MgO,7.8986,1.0684200857189623,6.293469838430903,3.1573240000000005,6.831784,-3.0533666124999996
544,MgAlBO4,9.8764,1.4792951599588782,9.557504748176504,2.9555919999999998,4.961416333333333,-3.1794655105952385
545,MgGeO3,5.3508,1.096176700551354,12.520785132779778,3.462918333333333,5.1199200000000005,-2.560048076
546,MgAl2O4,8.5952,1.0973364954312501,9.100910440746004,3.075899,5.041547,-3.374314229285714
547,MgSn(BO3)2,6.9908,2.4661239027268107,14.785741998988936,3.3446526666666667,5.143647,-2.715067036333334
548,Na2GeO3,6.6384,1.3071072756492548,11.990326832661117,2.7177203333333337,3.2701620000000005,-2.139358738850575
549,MoPb2O5,3.8052,4.0082582578808905,35.081537857258795,4.838287666666667,16.50979,-1.8309971200000001
550,MgWO4,5.1309,9.758052749463005,9.618880640794359,4.457431666666667,9.203072666666667,-2.5673527400000005
551,Na2BeB2O5,9.0402,1.88723460502841,31.184290349520523,2.4800076666666664,3.3356363333333334,-2.7277114356436787
552,Na2BiO3,2.7013000000000003,12.431532687428707,25.876582532241684,4.623710666666667,12.767954000000001,-1.7307813988505751
553,MgZn2(AsO4)2,6.1342,1.3712550959381689,15.192569989392439,3.155421333333333,4.424587,-2.014623563461538
554,Na2CrO4,5.5893,11.78050911749483,10.69330439870383,2.8907773333333338,5.153311333333334,-1.9886329933004925
555,MoPbO4,3.37,24.5010033406904,4.120184288009182,5.773700000000001,17.640777333333332,-1.930466805000001
556,Na2HgO2,3.7485,13.818903468639299,8.13073196538057,3.6848916666666667,2.946498,-1.3466661456206896
557,Na2PbO3,3.1525999999999996,1.1137356192177938,20.321364008471587,4.236812333333334,6.432181666666668,-1.685241230933908
558,Na2MgSiO4,7.8653,1.2506559920451874,24.642343015798154,2.497036,2.8359093333333334,-2.807341548512931
559,Na2MgGeO4,6.9296,1.147911106533272,25.770977440949274,2.730712666666667,2.768361333333333,-2.382190906012931
560,Na2Pd3O4,1.2553,34.196595648994396,24.1785184785236,9.255467333333334,3.123450333333333,-1.1454307059003828
561,Na2MoO4,7.1524,18.422112834911847,14.766696534784199,2.91074,3.093492,-2.15519160401478
562,Na2PtO2,3.6059999999999994,7.993661589334149,24.83739838089972,4.420263333333334,4.038011999999999,-1.371105716620689
563,Na2Sb4O7,4.6891,2.933125864819911,6.164536921392102,4.070004333333333,8.484569666666667,-1.8557798171618032
564,Na2ReO3,3.7100999999999997,440.36668761207386,11.66903824450318,3.56563,3.185328333333333,-2.0188495892672407
565,Na2PtO3,3.4814,5.389068945640726,6.9628291093504515,5.179679666666667,3.975198666666666,-1.5039991488505744
566,Na2SiO3,8.140699999999999,1.4382492608566086,10.220123495373318,2.3961116666666666,2.9240353333333338,-2.6992391030172413
567,Na2SnO3,5.524900000000001,1.1696380289223351,21.549259518858534,3.3407433333333336,5.588490666666666,-2.072807835933908
568,Na2Zn(SiO3)2,8.0628,1.4408298707916036,49.12686645685649,2.571642666666667,3.236053666666667,-2.716120203009404
569,Na2TiSiO5,6.1271,23.583976939178093,223.58590515909057,3.2573016666666668,5.87938,-2.999961422937421
570,Na2WO4,8.3199,19.763237433618556,14.380817916774454,2.820362,2.92599,-2.2204038011576364
571,Na2TiGeO5,6.2748,21.46412774862034,236.95056328578738,3.4150503333333333,9.863467333333334,-2.617617230715198
572,Na2Zn2O3,3.9982,1.031163230497746,7.19794200789657,3.5865226666666667,6.585613666666667,-1.710866513300492
573,Na2ZnGeO4,6.0169999999999995,1.0777710633816968,24.403284129302428,3.0143590000000002,3.106199333333334,-2.072748117887931
574,Na2Zn2Si2O7,7.271,1.3405427951548057,22.900825612009207,2.7800179999999997,4.318540333333334,-2.5792773090848806
575,Na2ZnO2,4.3217,0.942090524452154,8.492147815467332,3.3531980000000003,5.506071333333334,-1.6546449246206891
576,Na2ZnSiO4,7.136699999999999,1.1945543917445667,37.701585317424914,2.697524666666667,3.115444,-2.49242944476293
577,Na3AsO4,7.6113,1.1348920090420667,61.48573271929339,2.411337666666667,2.209791,-2.0528031474568964
578,Na3AgO2,2.9977000000000005,2.0361604844296703,4.199050992335174,4.001634,3.2117660000000003,-1.2697609477203065
579,Na2ZrO3,7.2581999999999995,3.932715820412996,12.068829540002218,3.556127666666667,10.387222,-2.8726029321839075
580,Na3AuO2,4.1232,3.9832232324842827,12.313440841989282,3.301201333333333,3.843860333333333,-1.3256148561925287
581,Na3AuO3,4.5717,50.73067325533244,30.565666221343502,3.692998333333333,15.381350333333332,-1.3724262074507387
582,Na3BeAl(SiO4)2,8.5051,1.2341594765019344,344.86424613033967,2.481125,3.4194316666666666,-2.980470083643678
583,Na3BO3,7.2872,1.4929430199197689,44.394858686967865,2.3868276666666666,3.600391,-2.267062791974549
584,Na3Ca2BiO6,4.0083,1.621883915586483,32.99523241539267,3.8483553333333336,7.315169333333333,-2.2832010116379307
585,Na3BiO4,3.1330999999999998,1.2843128151991967,17.19245444598386,4.0207136666666665,6.948847000000001,-1.7271877912068963
586,Na3BiO3,4.9333,22.610993585750638,33.886842167677734,3.569842,3.466142,-1.7198474360221674
587,Na3Ca2TaO6,6.9051,3.9729223782816927,16.244590791357133,3.5164066666666667,9.204953666666666,-2.881494424554597
588,Na3SbO3,5.0309,16.31097611716989,19.98822720232449,3.451635,3.355342,-1.8600301767364535
589,Na3SbO4,5.3809,1.2301039484085239,97.37917576965673,3.166889,6.9123589999999995,-2.005708985581896
590,Na3Sc(BO3)2,7.1157,2.0149445999569195,20.373556244714155,3.064766666666667,8.129648666666668,-2.815673738999042
591,Na3CuO2,4.3784,4.404515117685745,11.889227683093889,3.1829723333333333,3.590731,-1.3605209091091952
592,Na4As2O7,7.401,1.4649050887023736,58.47594059939283,2.5539623333333332,3.308199666666667,-2.0155756674005305
593,Na3VO4,7.5168,51.16221804990002,41.86999577363321,2.6247406666666664,2.348402333333333,-2.2947938312068965
594,Na3TlO2,3.1069,1.8833322652327629,42.79788970017902,4.911345333333333,6.558736666666667,-1.3479438054980846
595,Na4GeO4,6.4997,1.3906339576710578,42.89782335946636,2.6781426666666666,3.6788349999999994,-2.0175675590229885
596,Na4B2O5,8.1116,1.4876855780500957,72.49530737858464,2.403392,4.006927999999999,-2.4025234576854757
597,Na4PbO4,3.7143,1.4577742140297336,23.607400372296574,3.541211666666667,4.436553333333333,-1.610200159578544
598,Na4SnO3,3.4282000000000004,214.5995674372463,9.766825718423627,3.7358930000000004,4.608264,-1.657075410775862
599,Na4SiO4,7.3149,1.5841170972917844,48.42605433329398,2.4492920000000002,3.750727,-2.3901058923563228
600,Na4SnO4,5.2526,1.3678271083796583,37.59596118505925,2.956056,3.8663543333333332,-1.8676039212452116
601,Na5BiO5,3.0904,1.330344053207177,13.471133897270727,3.860208,6.4380793333333335,-1.6743984525235112
602,Na5NbO5,5.678999999999999,1.7858625146646876,50.6599068990958,2.9933176666666665,4.579950333333334,-2.2376899457053296
603,Na4TiO4,6.698,1.9271397667501562,45.441866455816765,2.7964866666666666,3.458823,-2.430200739948914
604,Na4Ti5O12,3.976,13.814391424040773,16.02870190801214,5.703495333333334,35.717502,-3.110950242041598
605,Na6ZnO4,4.4324,1.0229829379211381,20.895803019681026,3.205655,5.184634666666667,-1.5516773640282127
606,Na5TaO5,5.7491,1.7086897160819141,51.11883525258334,2.867335333333333,4.158938333333333,-2.328543087068965
607,Na6PbO5,3.2654,1.243663775914269,17.5078195730958,3.604715,5.263828666666666,-1.5700874682758617
608,Na14Cd2O9,3.9581999999999997,1.2897145250737228,56.71010575674448,3.4267670000000003,4.388999666666667,-1.4690306970689657
609,NaAg3O2,1.7442000000000002,3.3780606566690254,6.464027491484686,7.040022666666666,2.404055666666667,-0.7141666327586202
610,NaBi(MoO4)2,3.5453,32.46242409806569,113.18704584458006,5.4486246666666664,24.201925,-1.999531727212644
611,NaBe4SbO7,6.821199999999999,2.110098737618946,23.782332830699634,3.291972,7.270442333333333,-2.711356884350132
612,NaBO2,8.307,1.7092305728647614,7.414874282889427,2.449662,5.014854333333333,-2.612621758929598
613,NaAuO2,3.3324000000000003,4.833879788415723,31.315652017327572,4.701195333333334,3.3228043333333335,-1.1124653166379308
614,NaAgO2,2.2729999999999997,4.867279351300134,16.299835805063097,5.7513836666666664,3.449519,-1.010595745804597
615,NaAlO2,7.7335,1.1551056943770586,13.262075694277243,2.600752,3.0459883333333333,-2.933970703512931
616,NaAgO,2.8857000000000004,2.5287792395862763,11.290466492341704,4.677743333333333,1.9096253333333335,-1.04675580190613
617,NaCaAsO4,7.345,1.4801506254055847,40.456145862638635,2.8400236666666667,3.773279,-2.5032650287931038
618,NaCaVO4,6.2263,10.343631488577444,19.477661289357734,3.378239,8.684405333333332,-2.771876058078819
619,NaGaO2,6.107,0.922968642939981,10.557944035821244,3.0634336666666666,3.250707666666667,-2.2214824766379304
620,NaBiO3,2.997,1.1950816275578402,43.56052394020445,4.418937666666666,5.566642999999999,-1.584092498310345
621,NaBiO2,1.8904999999999994,1.4734953476766015,3.0351154342791125,5.866445,12.708998,-1.7202619228879303
622,NaCuO,3.4092000000000002,2.5203923749947745,87.59971369344889,3.995884666666667,1.9941889999999998,-1.232457753850575
623,NaCuO2,2.8653000000000004,5.8992453078127625,7.99053185168802,4.585220333333333,2.692824,-1.3546195603879303
624,NaGeSbO5,4.8491,1.0912065561362685,11.322578146548093,3.600047,6.957165666666666,-2.0808606433189665
625,NaIn(GeO3)2,4.9707,0.9248872557337916,14.586619681013739,3.5733726666666663,5.656954,-2.127569738655173
626,NaIn(SiO3)2,6.9708,1.2803481124172107,11.910774421133071,2.9846706666666667,4.593317333333334,-2.8000169371551724
627,NaIn(WO4)2,5.1475,91.67884087647414,30.810124155470426,4.286658666666667,7.434253000000001,-2.1829934455459767
628,NaLa(MoO4)2,5.2565,54.07918410818563,21.394778169165665,4.246097,9.155177,-2.5358393101293117
629,NaInO2,4.382,0.9089558029802698,12.785688689628074,3.758171666666667,5.546792666666668,-1.9855354266379308
630,NaLa2TaO6,6.100199999999999,7.477679083588269,12.462597864378122,4.534973666666667,21.401702333333333,-3.507585510655173
631,NaLiV2O6,5.4384999999999994,15.170345012617435,46.62016180800597,3.5736003333333333,3.6877770000000005,-2.403395172988506
632,NaNbO2,2.209199999999999,4.67218308581681,2.3720833183598034,8.029088666666667,2.532871666666667,-2.527779317887931
633,NaLi2AsO4,7.9456,1.4489116709892105,17.68605502628241,2.707497666666667,3.1054526666666664,-2.203138256027299
634,NaLaO2,5.3908000000000005,1.3245703006406455,41.2100370526049,3.892090666666667,14.304459666666666,-3.040621341637931
635,NaNbO3,6.092499999999999,17.0405379316742,11.598614725078598,4.094048,10.244617666666667,-2.845517926310345
636,NaSc(SiO3)2,8.3958,24.9600661305137,7.9769879111594975,3.1451403333333334,5.292798666666666,-3.3197474106551734
637,NaSc(GeO3)2,6.3135,1.4301961444679545,13.235596232472133,3.5638613333333335,6.794982,-2.6388482306551717
638,NaSc(WO4)2,5.0325,580.1452623859267,25.79276873020492,4.421151666666667,9.116401333333334,-2.60122083387931
639,NaSbO3,5.8289,1.258449842841369,34.68122421781739,3.275526333333333,4.395440333333334,-2.0606511693103453
640,NaScAs2O7,6.7256,1.6999534118589694,12.744471467082867,3.4403780000000004,10.318372,-2.361700082413792
641,NaSr3TaO6,6.1646,3.7112207994885575,12.314834615419123,3.952151666666667,12.863017,-3.166565387413793
642,NaSr3SbO6,5.7547999999999995,1.092132955371222,8.013369674468745,3.6524923333333335,8.870180666666666,-2.73731709877743
643,NaSrBO3,7.3293,1.9020182815082676,48.05346767802481,2.964842666666667,6.700851666666666,-2.8850838603975086
644,NaSr3NbO6,5.4298,4.801240935836033,15.470426232611644,4.180471999999999,14.867290000000002,-3.06195203468652
645,NaScO2,6.5132,3.347727183220953,10.525992329900742,3.8124443333333335,11.016278999999999,-3.1955612153879303
646,NaSr3BiO6,4.089,1.4552859456875582,10.545020868892205,4.042009333333334,10.226406666666668,-2.502110717868339
647,NaTlO,1.8307000000000002,1.0130436285289939,7.99403821922018,6.0729576666666665,6.733239333333334,-1.1787883499616862
648,NaYGeO4,6.6477,1.3576412037966663,132.9586053352875,3.2999406666666666,5.671267333333333,-2.863689369745484
649,NaVO3,5.7033,88.9905396624841,27.350806651440095,3.390529666666667,3.4282559999999997,-2.3795867753103463
650,NaTaO3,4.3398,0.9597477252657101,13.400854656901434,5.252211333333333,112.70800433333334,-3.068661375810346
651,NaVCdO4,5.2351,14.09492641517959,4.961375473134625,3.9425039999999996,9.144903666666666,-2.129466591650247
652,NaTlO2,2.1059,0.7905586548436017,10.923957011872083,5.134901333333333,8.817081,-1.424646257471264
653,NaTaGeO5,5.595199999999999,2.0439298723821433,19.113173223298414,4.021237333333333,30.93950166666666,-2.7312046170689657
654,NaYO2,7.009399999999999,1.277572484908095,12.287518617391823,3.663774,11.832809666666668,-3.131989107054597
655,NbAlO4,5.4792,58.59075742233926,11.339411689694918,4.280283999999999,8.178010666666667,-3.2260883866666674
656,NaYSiO4,7.6246,1.5773114897956608,60.922020704620685,3.0436826666666668,5.110229666666666,-3.355091188316912
657,Nb2SnO6,2.3076000000000003,6.89889578065112,5.801079788802059,7.341548666666667,58.90184666666667,-2.746150120000001
658,NbBO4,4.0565999999999995,14.036185782674828,7.710321523364939,6.104802333333333,10.275078666666667,-2.9548057465277786
659,NbGaO4,5.3119,227.91166511588509,23.533565134164952,4.643328,10.691701333333333,-2.7242927654166653
660,NbInO4,4.8258,3.9380045166975086,7.621170055496056,5.28407,14.118234666666666,-2.6246744358333336
661,NbSbO4,3.4316999999999998,14.689169380924485,10.934783767950828,6.625694,54.72619366666667,-2.523132912916667
662,Pb3O4,2.1612,1.3692946651527889,4.381765460250254,5.871830666666667,10.676545333333332,-1.446981154285714
663,NbVO5,3.1799,2.126404445581754,20.069292437236832,5.6079056666666665,62.71855366666667,-2.7154842635714287
664,Rb2Be2O3,5.6984,1.4326692763462576,44.63246310154921,2.841212,4.231346666666666,-2.377723397857143
665,Rb2Al2Sb2O7,5.7768999999999995,2.8805991897204195,16.355888122715122,3.195774666666667,4.419937,-2.5277962692307687
666,PbWO4,3.6692,12.656962607654814,3.1470446782958947,5.347058333333334,16.174591666666668,-2.054141335833333
667,PtO2,1.0761000000000003,5.116265920458094,3.953361410032084,18.733098666666667,0.9256736666666666,-0.9266780216666666
668,Rb2Cd2O3,2.1318,0.7096935626964708,7.0778352527291695,5.417292333333333,10.409865333333334,-1.3805301014285711
669,Rb2CrO4,5.9911,28.667406005360874,32.42094104987234,2.8648399999999996,4.641119000000001,-2.0608430942857154
670,Rb2HgO2,4.7765,3.632015976190999,10.900824458691002,3.1487906666666667,3.729214666666666,-1.3047967759999999
671,Rb2Hf2O5,4.1734,2.1722003489662565,1739.0985900327476,3.8334903333333337,9.970409666666667,-3.1372247555555557
672,Rb2CeO3,4.758,517.8228708089453,11.052671557650005,3.9804476666666666,16.48613966666667,-2.7078352658333342
673,Rb2CdO2,3.5465999999999998,1.1812588520462708,31.47239841994118,3.807337333333333,6.665175333333333,-1.3610515664999996
674,Rb2Li2GeO4,6.8194,1.3523150917747997,46.29751115673863,2.9355316666666664,6.427813333333333,-2.1233419424074076
675,Rb2MoO4,7.3289,57.93264959632349,17.692728077576703,2.763647666666666,4.4420779999999995,-2.1996428042857143
676,Rb2Li3GaO4,6.7627999999999995,1.1855005840447288,9.547632583896657,3.1059913333333333,9.391172333333333,-2.0277087522499997
677,Rb2Li2SiO4,7.5932,1.4284189928966353,79.91681722406742,2.7857303333333334,6.159774,-2.497921448518519
678,Rb2LiAsO4,7.4963999999999995,1.3005464935552336,42.47105194426466,2.723187333333333,5.297726,-2.109026203541667
679,Rb2LiVO4,6.9793,37.16360296470038,36.119103144548134,2.9411539999999996,5.173266333333333,-2.367439304166667
680,Rb2MgO2,5.3239,1.092601025475259,7.369953019698359,3.2017963333333337,10.328168333333334,-1.9070924114999999
681,Rb2Sn2O3,2.0496,1.4628852705220083,0.7861284452059172,5.114217333333333,6.527385,-1.7204352542857149
682,Rb2PbO3,3.5368,1.5786523731924476,213.12702904851295,3.788665,5.694537999999999,-1.5558054725000003
683,Rb2SnO2,3.8567000000000005,8.398817120681349,4.971279991500252,3.883535333333333,5.675223333333332,-1.6441546475000002
684,Rb2PbO2,3.4851,2.7531023032624353,17.032549166907305,3.826604,4.3091626666666665,-1.4998677049999993
685,Rb2Si3SnO9,7.6941,1.5068262833320354,9.156457276966817,2.8059309999999997,4.368825999999999,-2.8654779920000006
686,Rb2O,3.7303,1.1053119613309743,11.355227361191414,3.56941,6.5349,-1.133168373333333
687,Rb2SnO3,5.1601,1.1980339182908817,40.84716083192107,3.2618696666666662,9.816043,-1.923212555
688,Rb2Pb2O3,2.8664,1.9234282952696993,1.077797390596141,4.886221,4.675006,-1.539362617142857
689,Rb2W2O7,4.1155,1271.1142360448016,1884.531640881096,4.218889333333333,11.871535,-2.2765637195454547
690,Rb2Ti(SiO3)3,6.0634999999999994,111.33775017776225,18.358105198868344,3.3319989999999997,6.913996666666667,-3.135008846222224
691,Rb2TiO3,6.773899999999999,28.34502968141043,118.62711703271,3.078467,5.432887666666667,-2.751183317222223
692,Rb2WO4,8.0786,1.5107067492348327,17.613093816272606,2.6825193333333335,4.4643836666666665,-2.2487340671428573
693,Rb2Zn3O4,4.1502,0.8984201238936839,7.431162346959361,3.7363619999999997,5.7878186666666664,-1.678057365555556
694,Rb3AlO3,5.8624,1.147454318396079,17.405014235184332,2.9921936666666666,6.482463333333333,-2.192958231785714
695,Rb2ZrO3,6.476999999999999,1.5352442999117315,65.75696468545492,3.2552679999999996,8.474451,-2.7503810174999996
696,Rb3SbO3,5.523199999999999,5.807986638289214,20.257020683763766,3.177595,4.615593,-1.780475274285715
697,Rb3InO3,4.6528,1.2626253846917677,79.06126743269316,3.263341,6.583210666666666,-1.6420714696428567
698,Rb3CuO2,4.3256,2.3349829833317464,67.19935990920135,3.383658,5.116295999999999,-1.237837759583333
699,Rb3GaO3,5.5169,1.1031726971045452,64.05877993245284,3.1438703333333335,6.474601333333332,-1.829943027142856
700,Rb3TlO3,3.8530999999999995,1.4374099011744552,99.1406802421501,3.5215949999999996,7.63623,-1.3742784501190477
701,Rb3BiO3,5.4279,4.911893161762315,36.99296283860232,3.330665,5.108359,-1.6211958614285713
702,Rb3YV2O8,5.8587,5.437567087863643,9.09502321246827,3.4228193333333334,9.821995,-2.712661046369049
703,Rb4PbO4,4.313,1.6329706485151454,31.28061229064931,3.260745,5.4570723333333335,-1.527302656666666
704,Rb4SnO4,5.274900000000001,1.3339782096017252,22.83713688662604,3.0317303333333334,5.471786333333333,-1.7707643350000004
705,Rb4SnO3,3.3994,121.79226207829471,18.137922750873273,3.7923036666666667,6.2900599999999995,-1.5217606543749995
706,Rb5Au3O2,2.551,2.3334658188528112,23.61967889127976,4.194965333333333,5.734498666666667,-0.8579938572500003
707,Rb6CdO4,3.6271,1.1852367810831481,80.0871567151502,3.7747256666666664,7.727079,-1.2585781740909092
708,Rb6Si2O7,6.728800000000001,1.5603896183994277,17.526308609859765,2.7600276666666663,5.6006876666666665,-2.4265757626666664
709,Rb6Ti2O7,6.366299999999999,1.7969856150030337,25.861016845786693,2.9794983333333334,5.7928706666666665,-2.5091900434444447
710,RbAl(MoO4)2,6.3946000000000005,16.444335871759353,105.81875420924666,3.068861333333333,3.5769266666666666,-2.3733081797916675
711,RbAgO2,3.5614999999999997,8.06480858457156,29.6461194394609,3.90348,2.7106049999999997,-1.0119049160416669
712,Rb12Sn2As6O,1.2944,0.9367661923632744,2.6744815467289706,6.595909666666667,6.431403333333333,-0.5081931211904758
713,RbAgO,3.7169,7.969464598953611,275.33269546695516,3.8355316666666663,2.7322943333333334,-1.0031535647222225
714,RbAsO2,6.3369,40.635580261494084,12.49083146913588,3.1958846666666667,3.8512766666666667,-1.8659498662499994
715,RbAlSiO4,8.4884,1.7011123942907531,21.04826867413087,2.514037,5.609897,-3.1852192524999996
716,RbAuO2,4.4036,6.457428640605386,28.920037666234958,3.475384666666667,2.665654,-1.136231155625
717,RbAuO,3.4571000000000005,3.9955961840580514,55.40878925000278,3.981946,3.022134,-1.0679558625000007
718,RbBO2,7.9605999999999995,1.6133605366302697,33.5800281348133,2.480751,3.8273306666666667,-2.622254900833333
719,RbBa4Sb3O,1.5108000000000001,5.009573231169137,3.783513843136469,8.268919666666667,8.077525333333334,-1.4364363497222223
720,RbCuO,3.8575999999999997,3.135320549035187,158.42029418665146,3.5320206666666665,3.06558,-1.1888988208333329
721,RbLaO2,5.665100000000001,1.8407529319836966,6.421536247552966,3.8317876666666666,15.531702333333333,-2.9608934381250003
722,RbLa(MoO4)2,5.8047,12.657570252209911,6.937656586229312,3.8052799999999998,6.623442,-2.554193009375
723,RbBiO2,3.6184000000000003,3.239930749843399,7.598763394278476,4.117285,7.181314,-1.6940155843749993
724,RbIn(MoO4)2,6.7748,49.04343611874135,10.169522572879089,2.983497,3.5555136666666667,-2.0792203431250007
725,RbLiMoO4,7.6086,31.050245917537737,37.06363070209259,2.664392,3.071609,-2.2576535686904773
726,RbLiZn2O3,4.7463,1.3187150328692439,9.816818797397584,3.6822996666666667,6.071497666666667,-1.7950848297619046
727,RbLiCrO4,5.8198,91.35414364440787,14.602906137882528,2.850564,3.516021333333333,-2.0906449558333344
728,RbNa2BO3,7.011,1.2025066297453997,14.728735609520445,2.6110683333333333,4.163043666666667,-2.251398343538588
729,RbMgBO3,8.3158,1.2864408822380287,13.092919760855233,2.591225,3.604215,-2.766051768611111
730,RbNaCd3O4,1.7967,0.8380898496266066,21.962464482126137,5.920223666666666,7.515474333333334,-1.4207565826724142
731,RbNa2AuO2,4.418,20.509060890454112,37.59093972850228,3.586793,6.532127666666668,-1.2990187059339084
732,RbNaTiO3,6.1173,10.962316256616743,34.89474678152584,3.452856,6.646378000000001,-2.7752591012308434
733,RbNb(GeO3)3,5.9413,5.194058301874279,27.689606681406147,3.4627996666666667,7.487136333333333,-2.395324233750001
734,RbSbMoO6,4.1071,23.063513062548235,9.283149867875347,4.504431666666666,15.301851333333333,-2.0398652947222224
735,RbScO2,5.642099999999999,1.9262908381715085,8.858714903287767,4.151701999999999,13.171546666666666,-3.000575480625
736,RbSc(MoO4)2,5.9744,6.365271492130116,16.142320521361366,3.3155520000000003,5.156016333333333,-2.521414939375
737,RbSc(WO4)2,4.5207,88.91994831483441,25.40342803818518,5.226415666666667,14.437282999999999,-2.6036526318750006
738,RbTa(BO3)2,6.206300000000001,3.531526473100416,6.949427243718771,3.3176506666666667,9.822043333333333,-3.0108492425833333
739,RbSbO2,4.0262,3.122701522176154,23.30168474703288,3.696619666666667,5.850319333333334,-1.864373579375
740,RbTaO3,5.9054,25.800655266850228,54.86021695461562,3.743317,11.868722333333332,-3.0341619619999998
741,RbTa(GeO3)3,6.436999999999999,1.9553548389407314,27.372461419626962,3.2812896666666664,6.599867666666666,-2.486464781964285
742,RbVO3,5.566800000000001,45.415415478311544,21.056887126138292,3.349021,6.700198,-2.4096175575000007
743,RbY(WO4)2,5.2105,52.19052065748791,35.834216786245335,4.564686,9.349129666666668,-2.663157230347222
744,RbTlO,2.3529,1.242029108195416,5.734991397053038,5.080574666666667,5.153917,-1.1706777986111105
745,RbTlO2,2.3270999999999997,0.9085045646579585,6.219338509553726,5.183363,8.845867,-1.324072010208333
746,Sb2O3,3.0061,1.6489834216981358,3.2676584156944406,5.712218,83.34327566666667,-1.7517375020000001
747,Sb2O5,2.0895,0.728620901475493,21.968176429727393,5.607207333333334,9.067361333333332,-1.74803409
748,RbYO2,6.084300000000001,1.7167827207071973,5.38115779896547,3.754531333333334,11.51068,-3.0226329835416665
749,Sb2PbO6,3.5384,1.280839379114056,2.15551630944024,4.501221666666666,10.739058333333332,-1.900305225555556
750,SbO2,3.3436000000000003,3.8829486129761843,8.584702711961368,5.414112,13.446415333333334,-1.8374915029166674
751,SbAsO3,4.780200000000001,2.6337099126188823,9.287964686506218,4.971528,6.841565,-1.6997547515000004
752,Sc2Pt2O7,3.1181,2.982807608346623,5.084431808562882,7.463548,10.821933,-2.355797639090909
753,Sc2Si2O7,7.2357,6.084661333196548,17.257883898020612,3.621306666666667,6.74174,-3.6074464795454544
754,Sc2Ti2O7,5.2797,19.271639389751968,7.3708246518615415,4.819813666666667,10.685535000000002,-3.7275786474242416
755,ScAsO4,6.1395,1.6090929456335163,8.744998024015713,4.315753999999999,8.833650666666665,-2.6865457866666658
756,ScAgO2,3.6181,3.1231416317302747,5.309781191259212,6.1371253333333335,6.797999666666667,-2.6267450791666658
757,ScNbO4,4.905600000000001,6.364346795342065,9.66351917560605,5.669069,20.858047,-3.466261806666667
758,ScTaO4,5.8107,5.869749862656594,9.961962929741013,5.165809,18.036154999999997,-3.6532465
759,ScVO4,4.0851999999999995,3.365534095220515,11.441188573691992,5.271819666666667,12.231211666666667,-3.0418699458333336
760,ScBO3,6.8485000000000005,4.422354032967999,8.177246023989511,3.997229666666667,10.298102666666667,-3.436941156833332
761,ScTl(MoO4)2,5.173500000000001,18.83316870527211,16.137187511679556,3.756413333333333,31.408066666666667,-2.3487876140277786
762,ScCuO2,3.7272,3.0427594977147674,17.87846319209262,5.441490000000001,6.965766333333332,-2.724842914999999
763,Sn5O6,2.2112000000000003,2.032335851963467,3.710350059193768,6.900356666666667,6.140424666666667,-1.7621987818181832
764,SiO2,10.4593,1.6221625111975175,11.50312632597788,2.216010666666667,1.6673466666666668,-3.267179193333333
765,SnB4O7,5.466799999999999,2.01270893868182,4.659633618747527,3.9886359999999996,15.856116333333333,-2.6146258118055554
766,Si2Hg6O7,2.4246,2.1554680395359753,34.39401847936625,6.005104333333333,6.146069,-1.5820804336666665
767,Sr(AuO2)2,3.1224999999999996,10.218837011101229,15.181875734594401,6.307087,3.698499,-1.4774408038095235
768,SnO2,3.0869,0.6932057669291625,4.672492855796064,4.4723733333333335,7.422728666666667,-2.107481543333334
769,Sr(AsO3)2,6.4065,1.552324121065385,17.882206691371856,3.5234703333333335,5.950985,-2.233057519074074
770,Sr(BO2)2,8.6306,1.7058165583326756,13.227380191501284,2.8098093333333334,3.958903333333333,-3.1235381182142854
771,Sr(BiO2)2,3.8442000000000003,4.903210102129494,21.079955505843714,5.1471659999999995,9.936783666666665,-2.1114339966666664
772,Sr2CaMoO6,3.8768,3.6687235535007217,30.46444531510308,4.887248666666667,18.998816666666666,-2.9200817548333333
773,Sr2CaWO6,5.0184,3.4783360510518566,30.41382828712701,4.399364,16.176576999999998,-3.0496962263333343
774,Sr(CuO)2,3.2567999999999997,0.8877889710187867,7.495670016856763,5.382972333333332,7.937460333333334,-1.6629807683333326
775,Sr(SbO3)2,5.786099999999999,1.272811364404506,19.72068826128564,3.4702703333333336,5.70618,-2.3865939085185186
776,Sr2InSbO6,3.9493,1.1122007203843844,7.623704348461967,4.338040333333333,10.893561,-2.5831068773333326
777,Sr2CeO4,4.666399999999999,93.7543464054726,18.198697505448237,4.303909666666667,10.498281333333333,-3.4935232297619043
778,Sr2GeO4,6.4398,1.2383086099274316,58.700141523730615,3.5131996666666665,9.412262,-2.9120691372619047
779,Sr2CdWO6,4.8218,6.458615764913225,8.744455681065515,4.834009,17.786345333333333,-2.622859761333335
780,Sr2Mg(BO3)2,7.901699999999999,1.981390253538836,29.656055274730598,3.2396030000000002,7.416097333333333,-3.1881523910606067
781,Sr2LaBiO6,3.6093999999999995,1.7116274254925556,7.378635952809534,4.739420666666667,17.209258666666667,-2.8069192288333342
782,Sr2LaSbO6,6.0664,1.8222158584417736,12.355748415012172,4.094694,14.000318666666667,-3.0453450178333332
783,Sr2MgGe2O7,6.6930000000000005,1.689384592054504,42.153222194936646,3.142993333333333,6.5358936666666665,-2.813852504861111
784,Sr2MgSi2O7,7.9994,1.8124669843802697,33.33387857115585,2.885688666666667,5.501514,-3.401855501527778
785,Sr2MgMoO6,3.5877999999999997,4.034378732799524,7.676278162682179,5.080194,19.302428000000003,-2.8643199643333324
786,Sr2MgWO6,4.8318,4.194682100216402,7.331944372986233,4.470564666666667,16.943301,-2.988763183333333
787,Sr2NbInO6,5.3659,2.504020653536421,11.380508426843843,4.739585,19.339488666666668,-2.9835867468333337
788,Sr2PbO4,2.989,1.3184503693373104,11.174802247743955,4.688785333333333,8.360580666666666,-2.466891851190476
789,Sr2ScNbO6,4.689,2.611946072725949,10.873277122857878,5.102676999999999,34.96778066666667,-3.5007004293333326
790,Sr2Sb2O7,3.8392,0.9899661277498126,9.684065628010927,4.064171666666667,10.364359666666665,-2.5705959062121213
791,Sr2ScSbO6,6.0280000000000005,1.8823340145017795,7.075643054496675,4.271158,15.647909666666665,-3.114359580333333
792,Sr2ScTaO6,5.3619,2.3333574069085814,10.022074739472377,4.751769666666667,27.998384333333334,-3.6225020913333346
793,Sr2SiO4,7.641699999999999,1.327459020318301,22.105965762709296,3.3155463333333333,9.4369,-3.422863758690476
794,Sr2SnO4,5.279299999999999,1.1568622948672767,27.46648293966976,3.916186666666667,10.448515,-2.7861135097619045
795,Sr2TiO4,3.4760999999999997,353.7430134615564,6.3861254105530705,5.166931333333333,41.793742,-3.4442137609523806
796,Sr2TaGaO6,6.1009,4.940385849517308,6.14487740504855,4.5371413333333335,22.055314,-3.177810500083334
797,Sr2TaInO6,6.1138,1.979214217004969,10.225719573859893,4.424442,16.612941000000003,-3.101773858833333
798,Sr2YNbO6,5.1598999999999995,3.0232965512152568,21.093194854160494,4.722523333333333,26.99413633333333,-3.4714127459999995
799,Sr2YSbO6,6.4497,1.276384186531707,19.90179656127325,4.019503666666666,13.183961666666667,-3.100115174000001
800,Sr2ZnGe2O7,6.0121,1.6407146515185393,12.462880424537914,3.299148,6.407054,-2.6016153644444433
801,Sr2ZnSi2O7,7.3807,1.7875245614795716,7.34087416530127,3.0062383333333336,5.444371,-3.1815834065277775
802,Sr2Zr7O16,5.9818,12.742550636912712,34.91579741085584,4.867958333333333,15.697425,-3.7603666409333325
803,Sr3LiTaO6,6.052700000000001,3.764412403341176,9.686518423437295,4.025249,16.331349666666668,-3.2087660789393944
804,Sr3CdPtO6,4.0519,1.1772713861871416,6.879138114429804,4.8934239999999996,8.616146333333333,-2.342571694999999
805,Sr3(BO3)2,7.7679,1.3489985938970757,15.769317260737603,3.1652766666666667,6.744423666666667,-3.2455647325757573
806,Sr3NbGa3(SiO7)2,6.1802,17.58105657417371,28.509733431047454,3.5833099999999996,11.886216,-3.045180998369565
807,Sr3MgPtO6,4.9978,22.360294639395043,8.303635938431414,4.504297333333334,7.815936000000001,-2.627362475454545
808,Sr3LiSbO6,5.9508,1.1617552226932828,7.9999356094515015,3.693553,11.069366666666667,-2.7778109675757583
809,Sr3Ti2O7,3.2629,371.0387444464821,6.433821048691279,5.638190000000001,65.70195333333334,-3.4930036584722224
810,Sr3TaGa3(SiO7)2,6.861,2.6621298540039144,26.886695611111225,3.4699606666666667,10.917711000000002,-3.0997693996739137
811,Sr4Cu2O7,1.9944,10.353853071310763,12.710396681114393,7.065958999999999,8.308081,-2.342024899743589
812,Sr3ZnPtO6,4.8386000000000005,25.09671189388878,7.3652892847837865,4.697741333333333,9.048882333333333,-2.3878597727272735
813,Sr4Bi2O,1.2590000000000003,1.491386158090108,2.503241420971801,11.0394,13.344809333333332,-1.5664047302380961
814,Sr4Nb2O9,6.081200000000001,8.82824494038454,14.908254886543405,3.8841893333333335,18.502601666666667,-3.287457309444446
815,Sr4As2O,1.7496000000000005,1.3886298540908042,3.3495316765654897,8.317858,52.506601666666675,-1.7058687302380946
816,Sr3WO6,5.3546000000000005,4.69637767483303,15.714787299464717,3.9534903333333333,9.146191666666667,-2.995114557000001
817,Sr5(AuO4)2,3.3514999999999997,2.463075148893118,6.3081817197363215,4.654016333333334,9.374860333333332,-2.3444900355555554
818,Sr4Ta2O9,6.8262,4.030079519026522,18.44766053966252,3.7012026666666666,18.86952666666667,-3.4269905531111116
819,Sr4PdO6,3.5843000000000007,8.308567714955444,5.673875353776962,5.001955333333333,10.489620666666667,-2.5825519237878782
820,SrAl2(SiO4)2,8.6233,1.39051963559803,10.415854656425909,2.615337,3.9793146666666668,-3.4431226516666653
821,Sr4PtO6,4.3514,8.208052908523703,7.061130359559878,4.666851333333333,10.218446,-2.6248638710606063
822,SrAl4O7,7.3343,1.1705137704951643,152.97718662716403,2.8276023333333336,5.346949333333334,-3.464532970555555
823,SrAgO2,1.1305999999999998,4.306788163597197,4.920872730051449,11.215171333333332,8.352491666666667,-1.8294467520833324
824,SrBe3O4,7.0367,1.695843937199812,7.6803652170819605,3.1867560000000004,5.709292666666666,-3.1129027464583334
825,SrCrO4,4.8998,28.376253324137963,20.31163140168772,3.719208,5.968790333333334,-2.4493034315277784
826,SrBiO3,0.8518999999999997,1.3529947303858734,8.415642358686695,9.217687333333332,20.637226333333334,-2.261205562333333
827,SrGa2B2O7,7.3674,1.1400049543469133,17.072473502901776,3.2094186666666666,6.3171539999999995,-2.769393090833332
828,SrGa4O7,5.580699999999999,1.0481420508991648,129.34075472651662,3.340570666666667,7.8019646666666675,-2.5024807226388877
829,SrGePbO4,5.2884,3.457992027375961,8.88899335777848,4.371604666666666,14.143005333333335,-2.3839253838095233
830,SrIn2O4,3.8402000000000003,1.0506972381158493,18.072224400303146,4.506787333333333,8.690956666666667,-2.357273833095238
831,SrHfO3,6.3526,1.9623873827198097,9.63631424052911,4.349554,23.463244,-3.812951887333333
832,SrHgO2,4.7047,2.1495930924627036,6.013335008923738,3.841007,3.4537713333333335,-2.042305565416667
833,SrLi2Ta2O7,4.1638,1379.0129658911042,9.963513581796205,4.620061000000001,39.135439999999996,-3.2115558644444437
834,SrLi2SiO4,8.0002,1.884096742572482,16.270103119957422,3.0104423333333337,5.310001333333333,-3.0221305220833337
835,SrLiBO3,7.8826,1.595854062567952,16.269419219384066,2.9715596666666664,5.7804693333333335,-2.9997611794444454
836,SrSc2O4,5.4492,2.96116199908426,7.186199966711577,4.6201213333333335,14.274332999999999,-3.738229661309524
837,SrPbO3,1.7071999999999998,1.6921755206325093,5.16282186448226,6.387513666666667,16.586685666666668,-2.1561375228333324
838,SrO,5.5625,1.4828483335396836,3.8805699927107193,3.8777780000000006,15.598290999999998,-3.077090665833333
839,SrMoO4,5.728300000000001,10.388532409163675,15.462666783827073,3.8016170000000002,6.143591333333333,-2.665363428611111
840,SrTiO3,3.0872999999999995,1.7458420318333763,6.241426111914856,6.670765666666667,212.865626,-3.552249219
841,SrSnO3,3.9823000000000004,1.1819403391593064,6.068532829727705,4.360387666666667,11.928862333333333,-2.637945564833333
842,SrTlVO4,4.475999999999999,11.686033498701864,8.977458990225902,4.620468666666667,12.413124000000002,-2.5226144846428573
843,SrSn(BO3)2,7.0765,2.143607968461314,13.393057784898946,3.1982556666666664,6.167277666666666,-2.8331703589999995
844,Ta2O5,3.7986,61.16384883343778,24.53332448140665,5.309676,48.01213066666667,-3.335571961428572
845,Ta2Mo2O11,4.2488,3.084194982150355,84.10459666228233,4.502203666666667,20.405219,-2.610430932999999
846,Ta2Cd2O7,3.621,1.021836004456941,5.197656414712656,5.81005,122.80266999999999,-2.689681898181819
847,SrZrO3,5.8016000000000005,2.0460356170365768,10.772191781144373,4.6576986666666675,31.85340533333333,-3.662245755833334
848,SrZnO2,4.6731,1.1223550696209432,31.940687671729723,4.078397333333333,9.844488666666667,-2.4355156754166667
849,SrWO4,6.8007,13.569665837561159,17.12260654671292,3.637321666666667,5.775074,-2.7462168902777773
850,Ta2Zn3O8,5.9885,8.18566807766658,17.490352590224,4.374780666666667,9.342102666666667,-2.633592291153845
851,Ta2SnO6,2.9731000000000005,11.082504734475101,6.956672653818337,6.257842,38.61692366666667,-2.9853883388888907
852,TaAlO4,6.4147,20.810678376707564,11.513585995238136,3.896031333333333,7.380008,-3.4020875733333327
853,Ta6TiTl2O18,4.5934,4.461736453402993,27.91440238179429,5.022236666666667,32.577863,-3.129540081111113
854,TaBO4,5.3353,13.557302013735498,7.702900909443811,5.161105666666667,8.93697,-3.1453713923611115
855,TaTl(GeO3)3,5.7233,3.9238617650617402,13.893960269056308,3.682604,10.745491666666666,-2.3375426659523812
856,TaTlWO6,4.5709,7.448148770783012,17.60782829390078,5.4437516666666665,76.86313866666667,-2.518772398703705
857,TaVO5,3.612,2.1891402870703653,24.361342798926625,4.921534333333333,23.769039333333335,-2.8904530653571427
858,TaInO4,5.5655,3.482328422279962,8.335838507875982,4.772550333333334,11.617745333333332,-2.8118485716666664
859,TiNb6Tl2O18,3.7920000000000003,3.7216020966122256,34.96137921232265,5.774483666666668,70.16283733333334,-2.8904970096296303
860,TiBi2O5,3.8950000000000005,2.9560427535477816,8.89908842373489,5.8274040000000005,22.93968866666667,-2.3716559904166674
861,TiNb3O6,0.9491999999999998,10.529642582594384,35.9974634687501,12.558646666666666,12.655978333333335,-2.9035431858333336
862,TiCdO3,4.3587,7.61200818713928,5.258189123806442,5.992274666666667,14.883433333333334,-2.678885056666667
863,TiPbO3,2.3742000000000005,3417.7247397333363,1.7160284954826488,7.595506333333333,89.92671066666666,-2.730589785666668
864,TiO2,3.8911000000000002,13.882043708149318,17.476626843675657,6.478238999999999,22.476302333333333,-3.501629338611112
865,TiSnO3,1.7794999999999996,4.335363165831332,1.396656128660831,6.635039333333334,16.337672333333334,-2.7546114736666665
866,Tl2Pt2O7,1.5457,1.4292244892901573,4.861246669236438,9.688666,6.509927,-1.1508274837878787
867,TiTl2(GeO3)3,3.9627,3.3571511472994264,3.8076001558152797,4.811719,23.365707333333333,-2.1804392029999997
868,TiTl2O3,3.1689999999999996,1.7042181807447134,10.461396558815174,5.8836216666666665,8.945217000000001,-2.257147037916668
869,Tl2SnO3,1.7176,1.0853080145305292,8.732410785198724,7.454194333333334,12.662016666666666,-1.5003471177777783
870,Tl3AsO4,3.7329000000000003,1.2111011453492395,11.035526200825279,4.807963,8.559682666666667,-1.4309498437500001
871,Tl2O,0.6478999999999999,0.4671615804762621,4.206356799386071,18.746252333333334,14.373485333333333,-0.8199783955555553
872,Tl4V2O7,3.1568000000000005,10.969575773068113,2.1281029639774025,5.628848333333334,18.007880666666665,-1.8255633152564101
873,Tl3BO3,2.0903000000000005,2.4218725094490074,2.8955939024251114,6.546531000000001,7.201023666666667,-1.6481950663095244
874,Tl6Si2O7,2.3663000000000003,1.3704232582575318,5.85859760046217,4.961700666666666,7.182505666666667,-1.9053142706666661
875,Tl3V5O14,2.7922,115.36539547876495,8.760854446290232,5.718400333333332,18.405506666666668,-2.129717355454545
876,TlBi(WO4)2,3.5336,3.661453510272224,9.809821205126479,6.139625,28.325227333333334,-1.9798646361111114
877,TlSbO3,3.7209,6.096780315576448,2.4649387472870625,4.4836409999999995,6.061139333333333,-1.7144332416666668
878,TlPd3O4,1.8578999999999999,7.440905588606041,3.941372132223581,12.644855999999999,19.009811,-0.9443212710416669
879,TlSbWO6,4.1902,6.471105748853967,9.049994749652033,4.865943666666667,21.443038333333334,-1.9334356581481478
880,TlPt3O4,1.9668,3.2401676447887295,4.251529135965276,12.21447,10.789466,-0.8830011966666662
881,TlV2AgO6,3.1238,30.8260918639488,26.879054880019403,5.568513333333333,6.000451000000001,-1.8987390394999997
882,V2Cd2O7,4.0543,6.187085532177258,9.966547476402509,4.880406,9.39833,-2.083382357727273
883,V2CdO6,4.1671,19.224394326112566,10.567795453288799,4.818748666666667,6.997406333333333,-2.1828036388888883
884,V2O5,2.8013999999999997,9.259640064790739,17.89069539306237,6.203208666666666,13.822840333333332,-2.2890218171428582
885,V2Pb3O8,3.9679,7.060843606812891,12.42707935360274,5.605592999999999,24.31669666666667,-2.066792631538462
886,V2Zn2O7,4.1737,13.536961869888064,11.870790835936809,4.422232666666667,4.998927000000001,-2.1705094486363645
887,VAg3HgO4,1.9730000000000003,4.440057615551941,2.6445137660931595,8.066175666666666,7.037424333333334,-1.154799511666667
888,VAg3O4,1.8390999999999997,6.670569161148157,4.801306947828911,7.275900666666668,4.2476346666666664,-1.245943563750001
889,VAgO3,2.673,8.115630613443264,8.493724115177356,6.223542666666667,4.152186333333334,-1.7453310388333332
890,VCd2BiO6,3.6100999999999996,46.689258699274454,1254.7006892199613,5.272473000000001,10.791573999999999,-1.8621805875000002
891,VInO4,5.1493,13.14648054136179,5.405588855253976,4.037031666666667,4.613965,-2.21737423
892,VBO4,5.1195,9.220244023327012,8.06881371237461,3.6416796666666666,3.680972666666667,-2.5151507398611113
893,Y2Be2GeO7,7.123399999999999,1.5091996286256255,16.515602948404588,3.828156,9.363353000000002,-3.2717926906944443
894,VBiO4,3.6032,12.267417845579894,4.047032830834537,5.884231666666667,25.762846999999997,-2.1510460758333343
895,Y2Sn2O7,5.0691999999999995,1.0922992330371613,4.498577877218617,4.316893,13.842593,-3.0132899284848484
896,Y2Pt2O7,2.8507,3.4516967641391236,4.856891001272549,6.983763,7.720565,-2.4405408875757573
897,Y2Pb2O7,2.4149000000000003,1.0284804023518834,4.821852145675324,5.641357,13.811573000000001,-2.535942678939394
898,Y3SbO7,5.2333,1.7034258484263598,6.527908609052664,4.282224666666667,19.114865333333334,-3.4029822313636373
899,Y2Be2SiO7,8.010100000000001,1.95532352074647,17.591530615533124,3.641011666666667,7.609323666666666,-3.568645111944445
900,YAl3(BO3)4,8.7597,12.789714252437648,149.69193497758806,3.294031,7.304747,-3.246176775666666
901,YAgO2,4.2588,2.393748511933982,10.693557780992984,5.101780000000001,5.514455666666667,-2.6137794508333325
902,Y6WO12,4.7717,28.81944902750567,11.502070277873568,4.648444,17.393643666666666,-3.669244018947368
903,YAsO4,6.8095,1.4026421442689772,9.843674236250342,3.6386696666666665,6.217345333333333,-2.8295736244444445
904,YBO3,8.2376,13.826619354226455,18.31057614139652,3.575448,8.417346333333334,-3.530783729833333
905,YTaO4,6.05,5.470103705042725,9.426294914800302,4.689785999999999,11.419748333333333,-3.7166247169444446
906,YTl(WO4)2,3.9735000000000005,11.829245049639523,3.401341651904448,5.317990333333333,13.756284666666668,-2.499204113750001
907,YNbO4,5.2118,5.446120139813172,9.924004566451694,5.0386066666666665,15.713478333333333,-3.5506122427777775
908,Zn(SbO3)2,2.9451,0.9232888376271973,8.722105130123436,4.634828333333333,7.727747333333333,-1.884719061666667
909,Zn(GaO2)2,5.0975,0.8014431234734973,4.6936513047021355,4.062256,6.919277,-2.176957137857143
910,Zn3(AsO4)2,5.343500000000001,1.289967929828507,11.841672957938664,3.3960633333333328,5.980805666666666,-1.7738707661538458
911,Zn2PtO4,2.3529000000000004,1.413065847003209,7.0175590327392054,5.498430333333334,4.899630666666666,-1.4281407621428572
912,Zn(PtO2)3,0.6974,6.162084875672361,53.01915252410087,12.269696000000001,4.601532,-1.1067462640000008
913,YZnAsO,1.6943000000000001,2.399425030545577,2.5111210040581935,10.208351666666667,14.796856,-1.9803998816666661
914,YVO4,4.802099999999999,3.6468228048346525,12.32607411113121,4.354137000000001,7.054379999999999,-3.191224211111111
915,ZnWO4,4.284800000000001,4.672636145278329,5.674230506277041,5.370997,13.529280666666667,-2.0551608166666675
916,ZnO,3.1484,0.7652162585649313,5.5576275702145725,4.300690666666667,4.425339666666667,-1.7908960925000001
917,Zn4B6O13,7.1482,1.9432105328322873,11.949139819532032,3.206458,3.9412609999999995,-2.5115879147826092
918,ZrGeO4,5.9516,3.4987866777871752,38.080631867116054,4.9794160000000005,14.562119666666666,-2.964421039166666
919,ZrSiO4,7.2014000000000005,12.53050714806285,8.96863985400402,4.174725666666666,8.468686,-3.558760005
920,Zr(MoO4)2,5.1174,5.361691420272972,17.067303672196424,3.9046896666666666,7.17809,-2.4660734954545456
921,ZrO2,5.3885,9.157353711956691,19.162309816189204,5.295047333333333,14.994937333333334,-3.8136169366666657
